match_id,team_side,player.id,player.name,player.position,statistics.minutesPlayed,statistics.goals,statistics.assists
12813014,home,8959,Manuel Neuer,G,120.0,,
12813014,home,259117,Joshua Kimmich,M,120.0,,
12813014,home,227672,Jonathan Tah,D,120.0,,
12813014,home,142622,Antonio Rüdiger,D,110.0,,
12813014,home,1159759,Nathaniel Brown,D,120.0,,
12813014,home,293519,Leroy Sané,M,88.0,,
12813014,home,907463,Felix Nmecha,M,45.0,,
12813014,home,1142251,Aleksandar Pavlović,M,79.0,,
12813014,home,1019322,Florian Wirtz,M,110.0,,
12813014,home,836705,Kai Havertz,F,120.0,1.0,
12813014,home,794298,Deniz Undav,F,63.0,,
12813014,home,184661,Leon Goretzka,M,75.0,,
12813014,home,1010231,Jamal Musiala,M,57.0,,
12813014,home,799046,Waldemar Anton,D,41.0,,
12813014,home,980623,Nick Woltemade,F,32.0,,
12813014,home,1014286,Malick Thiaw,D,10.0,,
12813014,home,327755,Nadiem Amiri,M,10.0,,
12813014,home,584722,Alexander Nübel,G,,,
12813014,home,40244,Oliver Baumann,G,,,
12813014,home,856076,David Raum,D,,,
12813014,home,48480,Pascal Groß,M,,,
12813014,home,901882,Angelo Stiller,M,,,
12813014,home,1418623,Assan Ouédraogo,M,,,
12813014,home,990201,Jamie Leweling,M,,,
12813014,home,980628,Maximilian Beier,F,,,
12813014,away,991709,Orlando Gill,G,120.0,,
12813014,away,989801,Juan Cáceres,D,99.0,,
12813014,away,220833,Gustavo Gómez,D,120.0,,
12813014,away,877452,José Canale,D,120.0,,
12813014,away,333275,Junior Alonso,D,119.0,,
12813014,away,333373,Miguel Almirón,M,90.0,,
12813014,away,1015261,Damián Bobadilla,M,99.0,,
12813014,away,546416,Andrés Cubas,M,120.0,,
12813014,away,1105836,Matías Galarza,M,120.0,,
12813014,away,789453,Gabriel Ávalos,F,55.0,,
12813014,away,973556,Julio Enciso,M,57.0,1.0,
12813014,away,988656,Gustavo Caballero,M,65.0,,
12813014,away,986233,Mauricio,M,63.0,,
12813014,away,805427,Gustavo Velázquez,D,30.0,,
12813014,away,883206,Braian Ojeda,M,21.0,,
12813014,away,333261,Antonio Sanabria,F,21.0,,
12813014,away,339447,Fabián Balbuena,D,1.0,,
12813014,away,339135,Gastón Olveira,G,,,
12813014,away,840027,Roberto Fernández,G,,,
12813014,away,1546739,Alexandro Maidana,D,,,
12813014,away,805137,Omar Alderete,D,,,
12813014,away,788936,Alejandro Romero,M,,,
12813014,away,1015733,Ramón Sosa,F,,,
12813014,away,1167312,Alex Arce,F,,,
12813014,away,979861,Isidro Pitta,F,,,
12812998,home,994363,Bart Verbruggen,G,120.0,,
12812998,home,962012,Jan Paul van Hecke,D,120.0,,
12812998,home,151545,Virgil van Dijk,D,120.0,,
12812998,home,149663,Nathan Aké,D,71.0,,
12812998,home,759520,Denzel Dumfries,M,120.0,,
12812998,home,904897,Ryan Gravenberch,M,86.0,,
12812998,home,795222,Frenkie de Jong,M,110.0,,
12812998,home,998247,Micky van de Ven,D,86.0,,
12812998,home,917005,Crysencio Summerville,M,120.0,,
12812998,home,862967,Cody Gakpo,M,113.0,1.0,
12812998,home,910048,Brian Brobbey,F,71.0,,
12812998,home,803033,Teun Koopmeiners,M,49.0,,
12812998,home,252215,Wout Weghorst,F,49.0,,
12812998,home,1153079,Jorrel Hato,D,34.0,,
12812998,home,959805,Quinten Timber,M,34.0,,
12812998,home,100389,Marten de Roon,M,10.0,,
12812998,home,851596,Justin Kluivert,M,8.0,,
12812998,home,171919,Mark Flekken,G,,,
12812998,home,1012928,Robin Roefs,G,,,
12812998,home,856739,Lutsharel Geertruida,D,,,
12812998,home,959628,Mats Wieffer,D,,,
12812998,home,845798,Guus Til,M,,,
12812998,home,893549,Tijjani Reijnders,M,,,
12812998,home,803039,Donyell Malen,F,,,
12812998,home,138833,Memphis Depay,F,,,
12812998,home,875136,Noa Lang,F,,,
12812998,away,360938,Yassine Bounou,G,120.0,,
12812998,away,814594,Achraf Hakimi,D,120.0,,
12812998,away,825719,Issa Diop,D,120.0,1.0,
12812998,away,1064218,Chadi Riad,D,75.0,,
12812998,away,847030,Noussair Mazraoui,D,120.0,,
12812998,away,1564180,Ayyoub Bouaddi,M,79.0,,
12812998,away,1128530,Neil El Aynaoui,M,120.0,,
12812998,away,835485,Brahim Díaz,M,79.0,,
12812998,away,991421,Azzedine Ounahi,M,86.0,,
12812998,away,1126569,Bilal El Khannouss,M,87.0,,
12812998,away,1063767,Ismael Saibari,M,120.0,,
12812998,away,961684,Anass Salah-Eddine,D,45.0,,
12812998,away,1638338,Gessime Yassine,M,41.0,,
12812998,away,1605921,Samir El Mourabet,M,41.0,,
12812998,away,953995,Soufiane Rahimi,F,34.0,,
12812998,away,1142675,Chemsdine Talbi,M,33.0,,
12812998,away,359280,Ahmed Reda Tagnaouti,G,,,
12812998,away,141967,Munir El Kajoui,G,,,
12812998,away,847714,Marwane Saadane,D,,,
12812998,away,1143667,Redouane Halhal,D,,,
12812998,away,919484,Youssef Belammari,D,,,
12812998,away,1134470,Zakaria El Ouahdi,D,,,
12812998,away,1392829,Amine Sbai,M,,,
12812998,away,359272,Sofyan Amrabat,M,,,
12812998,away,919793,Ayoub El Kaabi,F,,,
12812998,away,1898148,Ayoube Amaimouni Echghouyab,F,,,
12812989,home,877977,Yahia Fofana,G,90.0,,
12812989,home,1002033,Guéla Doué,D,90.0,,
12812989,home,973437,Odilon Kossounou,D,90.0,,
12812989,home,1013842,Emmanuel Agbadou,D,90.0,,
12812989,home,831781,Ghislain Konan,D,89.0,,
12812989,home,843754,Ibrahim Sangaré,M,90.0,,
12812989,home,593526,Nicolas Pépé,F,87.0,,
12812989,home,359226,Franck Kessié,M,90.0,,
12812989,home,1888002,Christ Inao Oulaï,M,60.0,,
12812989,home,2087085,Yan Diomande,F,89.0,,
12812989,home,1086223,Ange-Yoan Bonny,F,60.0,,
12812989,home,971037,Amad Diallo,M,30.0,1.0,
12812989,home,979315,Elye Wahi,F,30.0,,
12812989,home,1188191,Oumar Diakité,F,11.0,,
12812989,home,1568123,Bazoumana Touré,M,1.0,,
12812989,home,930245,Evann Guessand,F,1.0,,
12812989,home,1131009,Mohamed Koné,G,,,
12812989,home,826201,Alban Lafont,G,,,
12812989,home,1394342,Ousmane Diomande,D,,,
12812989,home,858977,Christopher Operi,D,,,
12812989,home,848287,Evan Ndicka,D,,,
12812989,home,978285,Wilfried Singo,D,,,
12812989,home,305282,Jean Michaël Seri,M,,,
12812989,home,191188,Seko Fofana,M,,,
12812989,home,1030459,Parfait Guiagon,M,,,
12812989,home,1110842,Simon Adingra,M,,,
12812989,away,22209,Ørjan Nyland,G,90.0,,
12812989,away,934409,Marcus Pedersen,M,83.0,,
12812989,away,576384,Kristoffer Ajer,D,90.0,,
12812989,away,933264,Torbjørn Heggem,D,90.0,,
12812989,away,1031283,David Møller Wolfe,D,90.0,,
12812989,away,547410,Martin Ødegaard,M,90.0,,
12812989,away,793167,Sander Berge,M,90.0,,
12812989,away,355174,Patrick Berg,M,90.0,,
12812989,away,309078,Alexander Sørloth,F,71.0,,
12812989,away,839956,Erling Haaland,F,90.0,1.0,
12812989,away,1121923,Antonio Nusa,F,71.0,1.0,
12812989,away,1100952,Andreas Schjelderup,M,19.0,,
12812989,away,1065216,Oscar Bobb,M,19.0,,
12812989,away,228364,Fredrik Aursnes,M,15.0,,
12812989,away,1030355,Sander Tangvik,G,,,
12812989,away,798176,Egil Selvik,G,,,
12812989,away,879746,Leo Østigård,D,,,
12812989,away,795154,Fredrik André Bjørkan,D,,,
12812989,away,1026541,Sondre Langås,D,,,
12812989,away,1022374,Henrik Sælebakke Falchener,D,,,
12812989,away,280991,Morten Thorsby,M,,,
12812989,away,924973,Kristian Thorstvedt,M,,,
12812989,away,1065989,Thelo Aasgaard,M,,,
12812989,away,800951,Julian Ryerson,M,,,
12812989,away,876599,Jørgen Strand Larsen,F,,,
12812989,away,838805,Jens Petter Hauge,F,,,
12812995,home,191210,Mike Maignan,G,90.0,,
12812995,home,827212,Jules Koundé,D,75.0,,
12812995,home,798583,Dayot Upamecano,D,90.0,,
12812995,home,941168,William Saliba,D,90.0,,
12812995,home,96538,Lucas Digne,D,78.0,,
12812995,home,859025,Aurélien Tchouaméni,M,90.0,,
12812995,home,250737,Adrien Rabiot,M,90.0,,
12812995,home,818244,Ousmane Dembélé,F,75.0,,
12812995,home,978838,Michael Olise,M,85.0,,
12812995,home,996952,Bradley Barcola,F,90.0,1.0,
12812995,home,826643,Kylian Mbappé,F,85.0,2.0,
12812995,home,996958,Malo Gusto,D,15.0,,
12812995,home,1154605,Désiré Doué,F,15.0,,
12812995,home,788027,Theo Hernández,D,12.0,,
12812995,home,979128,Rayan Cherki,M,9.0,,
12812995,home,848276,Jean-Philippe Mateta,F,9.0,,
12812995,home,1387161,Robin Risser,G,,,
12812995,home,164055,Brice Samba,G,,,
12812995,home,352370,Lucas Hernández,D,,,
12812995,home,879674,Maxence Lacroix,D,,,
12812995,home,826215,Ibrahima Konaté,D,,,
12812995,home,974087,Manu Koné,M,,,
12812995,home,1130939,Maghnes Akliouche,M,,,
12812995,home,1142672,Warren Zaïre-Emery,M,,,
12812995,home,234148,N'Golo Kanté,M,,,
12812995,home,791702,Marcus Thuram,F,,,
12812995,away,978728,Jacob Widell Zetterström,G,90.0,,
12812995,away,1021272,Daniel Svensson,M,82.0,,
12812995,away,965263,Gustaf Lagerbielke,D,90.0,,
12812995,away,143334,Victor Lindelöf,D,90.0,,
12812995,away,834308,Gabriel Gudmundsson,D,90.0,,
12812995,away,979232,Anthony Elanga,F,90.0,,
12812995,away,1391251,Lucas Bergvall,M,66.0,,
12812995,away,1036269,Yasin Ayari,M,82.0,,
12812995,away,1383695,Elliot Stroud,M,66.0,,
12812995,away,804508,Viktor Gyökeres,F,90.0,,
12812995,away,823941,Alexander Isak,F,89.0,,
12812995,away,1173223,Besfort Zeneli,M,24.0,,
12812995,away,1022820,Taha Abdi Ali,M,24.0,,
12812995,away,796987,Mattias Svanberg,M,8.0,,
12812995,away,918517,Benjamin Nygren,F,8.0,,
12812995,away,572286,Gustaf Nilsson,F,1.0,,
12812995,away,22596,Kristoffer Nordfeldt,G,,,
12812995,away,561430,Viktor Johansson,G,,,
12812995,away,875360,Hjalmar Ekdal,D,,,
12812995,away,542038,Eric Smith,D,,,
12812995,away,360718,Carl Starfelt,D,,,
12812995,away,1099794,Herman Johansson,M,,,
12812995,away,319847,Ken Sema,M,,,
12812995,away,227894,Jesper Karlström,M,,,
12812995,away,980916,Alexander Bernhardsson,M,,,
12813001,home,990408,Raúl Rangel,G,90.0,,
12813001,home,832868,Jorge Sánchez,D,90.0,,
12813001,home,818406,César Montes,D,90.0,,
12813001,home,889785,Johan Vásquez,D,90.0,,
12813001,home,770253,Jesús Gallardo,D,90.0,,
12813001,home,1914576,Gilberto Mora,M,58.0,,
12813001,home,944068,Erik Lira,D,90.0,,
12813001,home,1172773,Luis Romo,D,73.0,,
12813001,home,865500,Roberto Alvarado,F,80.0,,
12813001,home,192442,Raúl Jiménez,F,74.0,1.0,
12813001,home,843114,Julián Quiñones,F,80.0,1.0,
12813001,home,1023088,Brian Gutiérrez,M,32.0,,
12813001,home,1119345,Obed Vargas,M,17.0,,
12813001,home,892141,Santiago Giménez,F,16.0,,
12813001,home,989236,Israel Reyes,D,10.0,,
12813001,home,850404,Orbelín Pineda,M,10.0,,
12813001,home,840519,Carlos Acevedo,G,,,
12813001,home,15497,Guillermo Ochoa,G,,,
12813001,home,1638685,Mateo Chávez,D,,,
12813001,home,847151,Edson Álvarez,M,,,
12813001,home,757770,Luis Chávez,M,,,
12813001,home,838629,Álvaro Fidalgo,M,,,
12813001,home,905257,César Huerta,M,,,
12813001,home,815637,Alexis Vega,M,,,
12813001,home,1595162,Armando González,F,,,
12813001,home,795282,Guillermo Martínez,F,,,
12813001,away,588618,Hernán Galíndez,G,90.0,,
12813001,away,822729,Alan Franco,M,45.0,,
12813001,away,1187275,Joel Ordóñez,D,45.0,,
12813001,away,979480,Willian Pacho,D,90.0,,
12813001,away,1002837,Piero Hincapié,D,90.0,,
12813001,away,879802,John Yeboah,F,79.0,,
12813001,away,987650,Moisés Caicedo,M,90.0,,
12813001,away,1002524,Pedro Vite,M,90.0,,
12813001,away,1116571,Nilson Angulo,M,79.0,,
12813001,away,937937,Gonzalo Plata,M,90.0,,
12813001,away,106456,Enner Valencia,F,59.0,,
12813001,away,1106546,Yaimar Medina,D,45.0,,
12813001,away,881844,Ángelo Preciado,M,45.0,,
12813001,away,1431770,Kevin Rodriguez,F,31.0,,
12813001,away,1464025,Kendry Páez,M,11.0,,
12813001,away,804770,Jordy Caicedo,F,11.0,,
12813001,away,923237,Moisés Ramírez,G,,,
12813001,away,925484,Gonzalo Valle,G,,,
12813001,away,978518,Jackson Porozo,D,,,
12813001,away,881848,Félix Torres,D,,,
12813001,away,925740,Jordy Alcivar,M,,,
12813001,away,1145126,Denil Castillo,M,,,
12813001,away,805465,Pervis Estupiñán,M,,,
12813001,away,1020197,Anthony Valencia,F,,,
12813001,away,1122552,Alan Minda,F,,,
12813001,away,1464642,Jeremy Arevalo,F,,,
12813020,home,138530,Jordan Pickford,G,90.0,,
12813020,home,945798,Djed Spence,D,70.0,,
12813020,home,827679,Ezri Konsa,D,90.0,,
12813020,home,877994,Marc Guéhi,D,90.0,,
12813020,home,1142703,Nico O'Reilly,D,90.0,,
12813020,home,994546,Elliot Anderson,M,90.0,,
12813020,home,856714,Declan Rice,M,89.0,,
12813020,home,966547,Noni Madueke,F,61.0,,
12813020,home,991011,Jude Bellingham,M,90.0,,
12813020,home,814590,Marcus Rashford,F,61.0,,
12813020,home,108579,Harry Kane,F,90.0,2.0,
12813020,home,914902,Anthony Gordon,F,29.0,,
12813020,home,934235,Bukayo Saka,F,29.0,,
12813020,home,864921,Eberechi Eze,M,20.0,,
12813020,home,152077,John Stones,D,1.0,,
12813020,home,980643,James Trafford,G,,,
12813020,home,788134,Dean Henderson,G,,,
12813020,home,826134,Trevoh Chalobah,D,,,
12813020,home,99090,Dan Burn,D,,,
12813020,home,885908,Reece James,D,,,
12813020,home,1003339,Jarell Quansah,D,,,
12813020,home,42694,Jordan Henderson,M,,,
12813020,home,948261,Morgan Rogers,M,,,
12813020,home,1142175,Kobbie Mainoo,M,,,
12813020,home,555386,Ollie Watkins,F,,,
12813020,home,290927,Ivan Toney,F,,,
12813020,away,599192,Lionel Mpasi Nzau,G,90.0,,
12813020,away,863653,Aaron Wan-Bissaka,D,90.0,,
12813020,away,238612,Chancel Mbemba,D,90.0,,
12813020,away,817979,Axel Tuanzebe,D,90.0,,
12813020,away,174975,Arthur Masuaku,D,89.0,,
12813020,away,1391541,Ngal'ayel Mukau,M,76.0,,
12813020,away,892624,Samuel Moutoussamy,M,89.0,,
12813020,away,1171539,Noah Sadiki,M,90.0,,
12813020,away,963399,Nathanaël Mbuku,M,64.0,,
12813020,away,805123,Yoane Wissa,F,90.0,,
12813020,away,1160969,Brian Cipenga,M,76.0,1.0,
12813020,away,862078,Meschak Elia,F,26.0,,
12813020,away,344953,Théo Bongonda,M,14.0,,
12813020,away,917305,Edo Kayembe,M,14.0,,
12813020,away,354046,Joris Kayembe,D,8.0,,
12813020,away,1007556,Fiston Mayele,F,8.0,,
12813020,away,1121943,Matthieu Epolo,G,,,
12813020,away,927616,Timothy Fayulu,G,,,
12813020,away,352912,Dylan Batubinsika,D,,,
12813020,away,991200,Gedeon Kalulu,D,,,
12813020,away,1019957,Steve Kapuadi,D,,,
12813020,away,46387,Gaël Kakuta,M,,,
12813020,away,758664,Charles Pickel,M,,,
12813020,away,353602,Aaron Tshibola,M,,,
12813020,away,115665,Cédric Bakambu,F,,,
12813020,away,825945,Simon Banza,F,,,
12813013,home,70988,Thibaut Courtois,G,120.0,,
12813013,home,329417,Timothy Castagne,D,120.0,,
12813013,home,248331,Brandon Mechele,D,120.0,,
12813013,home,965778,Arthur Theate,D,120.0,,
12813013,home,997152,Maxim De Cuyper,D,78.0,,
12813013,home,331737,Youri Tielemans,M,120.0,2.0,
12813013,home,118085,Hans Vanaken,M,63.0,,
12813013,home,135666,Leandro Trossard,F,109.0,,
12813013,home,70996,Kevin De Bruyne,M,56.0,,
12813013,home,934386,Jérémy Doku,M,56.0,,
12813013,home,960441,Charles De Ketelaere,F,45.0,,
12813013,home,78893,Romelu Lukaku,F,75.0,1.0,
12813013,home,889378,Nicolas Raskin,M,64.0,,
12813013,home,823631,Dodi Lukebakio,M,64.0,,
12813013,home,1142233,Diego Moreira,M,57.0,,
12813013,home,128587,Thomas Meunier,D,42.0,,
12813013,home,923973,Amadou Onana,M,11.0,,
12813013,home,1149148,Mike Penders,G,,,
12813013,home,964753,Senne Lammens,G,,,
12813013,home,1001828,Koni De Winter,D,,,
12813013,home,1395881,Joaquin Seys,D,,,
12813013,home,1119487,Nathan Ngoy,D,,,
12813013,home,35612,Axel Witsel,M,,,
12813013,home,901891,Alexis Saelemaekers,M,,,
12813013,home,1149144,Matías Fernández-Pardo,F,,,
12813013,away,580226,Mory Diaw,G,120.0,,
12813013,away,873534,Krépin Diatta,M,120.0,,
12813013,away,913679,Pathé Ismaël Ciss,M,120.0,,
12813013,away,758168,Moussa Niakhaté,D,120.0,,
12813013,away,897291,Ismail Jakobs,D,94.0,,
12813013,away,1128532,Habib Diarra,M,73.0,1.0,
12813013,away,106337,Idrissa Gana Gueye,M,96.0,,
12813013,away,879694,Pape Gueye,M,66.0,,
12813013,away,914309,Iliman Ndiaye,M,73.0,,
12813013,away,845286,Ismaïla Sarr,F,120.0,1.0,
12813013,away,217704,Sadio Mané,M,94.0,,
12813013,away,1389846,Lamine Camara,M,54.0,,
12813013,away,1002711,Pape Matar Sarr,M,47.0,,
12813013,away,1590918,Ibrahim Mbaye,F,47.0,,
12813013,away,1471764,El Hadji Malick Diouf,D,26.0,,
12813013,away,1085381,Nicolas Jackson,F,26.0,,
12813013,away,2427970,Bara Sapoko Ndiaye,M,24.0,,
12813013,away,845183,Yehvann Diouf,G,,,
12813013,away,126071,Kalidou Koulibaly,D,,,
12813013,away,583896,Abdoulaye Seck,D,,,
12813013,away,1120615,Antoine Mendy,D,,,
12813013,away,1154657,Mamadou Sarr,D,,,
12813013,away,1493689,Assane Diao,M,,,
12813013,away,1102503,Ahmadou Bamba Dieng,F,,,
12813013,away,868268,Cherif Ndiaye,F,,,
12812992,home,973436,Matthew Freese,G,90.0,,
12812992,home,1184541,Alexander Freeman,D,90.0,,
12812992,home,931844,Chris Richards,D,90.0,,
12812992,home,118179,Tim Ream,D,90.0,,
12812992,home,803174,Antonee Robinson,D,90.0,,
12812992,home,881931,Weston McKennie,M,89.0,,
12812992,home,800419,Tyler Adams,M,90.0,,
12812992,home,975798,Malik Tillman,M,90.0,1.0,
12812992,home,906021,Sergiño Dest,D,87.0,,
12812992,home,934237,Folarin Balogun,F,64.0,1.0,
12812992,home,817957,Christian Pulišić,F,88.0,,
12812992,home,1014845,Sebastian Berhalter,M,13.0,,
12812992,home,986395,Ricardo Pepi,F,12.0,,
12812992,home,989056,Giovanni Reyna,M,1.0,,
12812992,home,833943,Matt Turner,G,,,
12812992,home,1024293,Chris Brady,G,,,
12812992,home,822459,Auston Trusty,D,,,
12812992,home,1002920,Joe Scally,D,,,
12812992,home,868843,Miles Robinson,D,,,
12812992,home,790108,Alex Zendejas,M,,,
12812992,home,973431,Brenden Aaronson,M,,,
12812992,home,1471659,Maximilian Arfsten,M,,,
12812992,home,855810,Timothy Weah,M,,,
12812992,home,818391,Haji Wright,F,,,
12812992,away,325061,Nikola Vasilj,G,90.0,,
12812992,away,1102791,Amar Dedić,D,90.0,,
12812992,away,831488,Nikola Katić,D,75.0,,
12812992,away,1118177,Tarik Muharemović,D,90.0,,
12812992,away,843746,Stjepan Radeljić,D,90.0,,
12812992,away,142148,Sead Kolašinac,D,75.0,,
12812992,away,988893,Armin Gigović,M,51.0,,
12812992,away,283833,Ivan Šunjić,M,51.0,,
12812992,away,1425366,Kerim Alajbegović,M,90.0,,
12812992,away,14990,Edin Džeko,F,51.0,,
12812992,away,878081,Ermedin Demirović,F,90.0,,
12812992,away,1102659,Benjamin Tahirović,M,39.0,,
12812992,away,1149353,Ermin Mahmić,M,39.0,,
12812992,away,1136110,Esmir Bajraktarević,F,39.0,,
12812992,away,1129610,Amar Memić,M,15.0,,
12812992,away,259803,Haris Tabaković,F,15.0,,
12812992,away,885719,Martin Zlomislić,G,,,
12812992,away,1587186,Mladen Jurkas,G,,,
12812992,away,1500291,Arjan Malić,D,,,
12812992,away,858004,Nihad Mujakić,D,,,
12812992,away,802830,Dennis Hadžikadunić,D,,,
12812992,away,795421,Amir Hadžiahmetović,M,,,
12812992,away,844447,Dženis Burnić,M,,,
12812992,away,1049701,Ivan Bašić,M,,,
12812992,away,927797,Jovo Lukić,F,,,
12812992,away,1100965,Samed Baždar,F,,,
12813004,home,797291,Unai Simón,G,90.0,,
12813004,home,913654,Pedro Porro,D,90.0,1.0,
12813004,home,1402913,Pau Cubarsí,D,90.0,,
12813004,home,149734,Aymeric Laporte,D,89.0,,
12813004,home,794939,Marc Cucurella,D,90.0,,
12813004,home,827606,Rodri,M,90.0,,
12813004,home,992587,Pedri,M,89.0,,
12813004,home,1402912,Lamine Yamal,M,85.0,,
12813004,home,789071,Dani Olmo,M,71.0,,
12813004,home,910031,Alex Baena,M,71.0,,
12813004,home,823622,Mikel Oyarzabal,F,90.0,2.0,
12813004,home,592010,Mikel Merino,M,19.0,,
12813004,home,855833,Ferran Torres,F,19.0,,
12813004,home,1103693,Gavi,M,11.0,,
12813004,home,1094106,Marc Pubill,D,1.0,,
12813004,home,784655,Fabián Ruiz,M,1.0,,
12813004,home,581310,David Raya,G,,,
12813004,home,930267,Joan García,G,,,
12813004,home,876214,Eric García,D,,,
12813004,home,353138,Marcos Llorente,D,,,
12813004,home,177177,Alejandro Grimaldo,M,,,
12813004,home,966837,Martín Zubimendi,M,,,
12813004,home,1085400,Nico Williams,M,,,
12813004,home,785989,Borja Iglesias,F,,,
12813004,home,1145642,Víctor Muñoz,F,,,
12813004,home,984624,Yéremy Pino,F,,,
12813004,away,282073,Alexander Schlager,G,90.0,,
12813004,away,355486,Stefan Posch,D,85.0,,
12813004,away,794953,Kevin Danso,D,90.0,,
12813004,away,66492,David Alaba,D,90.0,,
12813004,away,355492,Konrad Laimer,D,90.0,,
12813004,away,976575,Nicolas Seiwald,M,45.0,,
12813004,away,791079,Xaver Schlager,M,45.0,,
12813004,away,830127,Romano Schmid,M,60.0,,
12813004,away,1146018,Paul Wanner,M,90.0,,
12813004,away,133908,Marcel Sabitzer,M,90.0,,
12813004,away,111483,Michael Gregoritsch,F,60.0,,
12813004,away,994556,Carney Chukwuemeka,M,45.0,,
12813004,away,186719,Florian Grillitsch,M,45.0,,
12813004,away,21927,Marko Arnautović,F,30.0,,
12813004,away,870038,Saša Kalajdžić,F,30.0,,
12813004,away,978062,Alexander Prass,M,11.0,,
12813004,away,869476,Florian Wiegele,G,,,
12813004,away,788319,Patrick Pentz,G,,,
12813004,away,988672,David Affengruber,D,,,
12813004,away,825771,Marco Friedl,D,,,
12813004,away,888340,Michael Svoboda,D,,,
12813004,away,576266,Philipp Lienhart,D,,,
12813004,away,869883,Dejan Ljubičić,M,,,
12813004,away,147776,Alessandro Schöpf,M,,,
12813004,away,987504,Patrick Wimmer,M,,,
12813004,away,138126,Phillipp Mwene,M,,,
12812997,home,843115,Diogo Costa,G,90.0,,
12812997,home,138892,João Cancelo,D,63.0,,
12812997,home,318941,Rúben Dias,D,90.0,,
12812997,home,1087359,Renato Veiga,D,90.0,,
12812997,home,989768,Nuno Mendes,D,90.0,,
12812997,home,1190933,João Neves,M,90.0,,
12812997,home,902029,Vitinha,M,62.0,,
12812997,home,879349,Pedro Neto,M,63.0,,
12812997,home,288205,Bruno Fernandes,M,63.0,,
12812997,home,851284,Rafael Leão,F,90.0,,
12812997,home,750,Cristiano Ronaldo,F,81.0,1.0,
12812997,home,331209,Bernardo Silva,M,28.0,,
12812997,home,252821,Nélson Semedo,D,27.0,,
12812997,home,979222,Francisco Conceição,F,27.0,,
12812997,home,934510,Gonçalo Ramos,F,27.0,1.0,
12812997,home,280955,Rúben Neves,M,9.0,,
12812997,home,252669,José Sá,G,,,
12812997,home,253809,Rui Silva,G,,,
12812997,home,983542,Tomás Araújo,D,,,
12812997,home,945122,Matheus Nunes,D,,,
12812997,home,1001196,Gonçalo Inácio,D,,,
12812997,home,843200,Diogo Dalot,D,,,
12812997,home,830431,Francisco Trincão,M,,,
12812997,home,280979,Gonçalo Guedes,M,,,
12812997,home,988351,Samú Costa,M,,,
12812997,home,851671,João Félix,F,,,
12812997,away,190419,Dominik Livaković,G,90.0,,
12812997,away,927407,Josip Stanišić,D,90.0,,
12812997,away,954836,Josip Šutalo,D,90.0,,
12812997,away,847467,Marin Pongračić,D,90.0,,
12812997,away,38710,Ivan Perišić,M,90.0,1.0,
12812997,away,15466,Luka Modrić,M,90.0,,
12812997,away,136710,Mateo Kovačić,M,89.0,,
12812997,away,357596,Nikola Vlašić,M,89.0,,
12812997,away,1091303,Petar Sučić,M,90.0,,
12812997,away,1090019,Martin Baturina,M,68.0,,
12812997,away,37318,Ante Budimir,F,45.0,,
12812997,away,1019321,Igor Matanović,F,45.0,,
12812997,away,190437,Mario Pašalić,M,22.0,,
12812997,away,964994,Joško Gvardiol,D,17.0,,
12812997,away,67647,Andrej Kramarić,F,13.0,,
12812997,away,943212,Ivor Pandur,G,,,
12812997,away,835678,Dominik Kotarski,G,,,
12812997,away,257091,Duje Ćaleta-Car,D,,,
12812997,away,1405212,Luka Vušković,D,,,
12812997,away,789234,Martin Erlić,D,,,
12812997,away,814882,Nikola Moro,M,,,
12812997,away,1066802,Marco Pašalić,M,,,
12812997,away,916183,Toni Fruk,M,,,
12812997,away,949156,Luka Sučić,M,,,
12812997,away,796206,Kristijan Jakić,M,,,
12812997,away,827668,Petar Musa,F,,,
12813019,home,556866,Gregor Kobel,G,90.0,,
12813019,home,770677,Denis Zakaria,M,87.0,,
12813019,home,282229,Nico Elvedi,D,90.0,,
12813019,home,383560,Manuel Akanji,D,90.0,,
12813019,home,67769,Ricardo Rodríguez,D,90.0,,
12813019,home,115516,Remo Freuler,M,90.0,,
12813019,home,117777,Granit Xhaka,M,90.0,,
12813019,home,944327,Dan Ndoye,M,87.0,1.0,
12813019,home,1518931,Johan Manzambi,M,71.0,,
12813019,home,872919,Rubén Vargas,M,71.0,,
12813019,home,352296,Breel Embolo,F,83.0,1.0,
12813019,home,929620,Fabian Rieder,M,19.0,,
12813019,home,865523,Noah Okafor,F,19.0,,
12813019,home,990550,Zeki Amdouni,F,14.0,,
12813019,home,157377,Silvan Widmer,M,10.0,,
12813019,home,850891,Michel Aebischer,M,10.0,,
12813019,home,149656,Yvon Mvogo,G,,,
12813019,home,1005744,Marvin Keller,G,,,
12813019,home,814023,Eray Cömert,D,,,
12813019,home,999276,Aurèle Amenda,D,,,
12813019,home,798303,Miro Muheim,M,,,
12813019,home,787422,Christian Fassnacht,M,,,
12813019,home,1034082,Ardon Jashari,M,,,
12813019,home,799054,Djibril Sow,M,,,
12813019,home,352290,Cédric Itten,F,,,
12813019,away,802133,Luca Zidane,G,90.0,,
12813019,away,1103488,Rafik Belghali,M,82.0,,
12813019,away,122810,Aïssa Mandi,D,90.0,,
12813019,away,577726,Ramy Bensebaini,D,90.0,,
12813019,away,931278,Rayan Aït-Nouri,D,90.0,,
12813019,away,989882,Ramiz Zerrouki,M,58.0,,
12813019,away,368120,Nabil Bentaleb,M,71.0,,
12813019,away,1192318,Farès Chaïbi,M,90.0,,
12813019,away,158213,Riyad Mahrez,M,71.0,,
12813019,away,1407524,Ibrahim Maza,F,90.0,,
12813019,away,846081,Houssem Aouar,M,58.0,,
12813019,away,1049534,Jaouen Hadjam,D,32.0,,
12813019,away,859026,Amine Gouiri,F,32.0,,
12813019,away,1218066,Anis Hadj Moussa,M,19.0,,
12813019,away,985923,Hicham Boudaoui,M,19.0,,
12813019,away,1094482,Adil Boulbina,M,8.0,,
12813019,away,1118193,Melvin Mastil,G,,,
12813019,away,1007589,Oussama Benbot,G,,,
12813019,away,1503088,Achref Abada,D,,,
12813019,away,1018018,Mohamed Tougai,D,,,
12813019,away,1018822,Zineddine Belaid,D,,,
12813019,away,981168,Samir Chergui,D,,,
12813019,away,1094538,Yassine Titraoui,M,,,
12813019,away,1445228,Farès Ghedjemis,F,,,
12813018,home,1177240,Patrick Beach,G,119.0,,
12813018,home,1155423,Alessandro Circati,D,120.0,,
12813018,home,808680,Harry Souttar,D,120.0,,
12813018,home,1646783,Lucas Herrington,D,120.0,,
12813018,home,1144138,Jordan Bos,D,45.0,,
12813018,home,181581,Jackson Irvine,M,120.0,,
12813018,home,847938,Aiden O'Neill,M,90.0,,
12813018,home,576220,Aziz Behich,D,120.0,,
12813018,home,1155625,Cristian Volpato,M,74.0,,
12813018,home,888854,Connor Metcalfe,M,90.0,,
12813018,home,1144687,Nestory Irankunda,F,74.0,,
12813018,home,991364,Kai Trewin,M,75.0,,
12813018,home,788284,Ajdin Hrustić,M,46.0,,
12813018,home,1019061,Mohamed Touré,F,46.0,,
12813018,home,1411105,Paul Okon-Engstler,M,30.0,,
12813018,home,307082,Awer Mabil,M,30.0,,
12813018,home,134029,Mathew Ryan,G,1.0,,
12813018,home,155925,Paul Izzo,G,,,
12813018,home,155961,Miloš Degenek,D,,,
12813018,home,303258,Jason Geria,D,,,
12813018,home,358084,Cameron Burgess,D,,,
12813018,home,944054,Cameron Devlin,M,,,
12813018,home,1118467,Nishan Velupillay,M,,,
12813018,home,1096517,Tete Yengi,F,,,
12813018,away,1048378,Mostafa Shobeir,G,120.0,,
12813018,away,826545,Mohamed Hany,D,120.0,,
12813018,away,333441,Yasser Ibrahim,D,120.0,,
12813018,away,295339,Rami Rabia,D,120.0,,
12813018,away,577736,Karim Hafez,D,80.0,,
12813018,away,967032,Emam Ashour,M,120.0,1.0,
12813018,away,918913,Hamdy Fathy,M,67.0,,
12813018,away,1013699,Marwan Attia,M,119.0,,
12813018,away,873554,Omar Marmoush,F,105.0,,
12813018,away,159665,Mohamed Salah,M,120.0,,
12813018,away,1418782,Mostafa Ziko,M,67.0,,
12813018,away,1063327,Hossam Abdelmaguid,D,53.0,,
12813018,away,942836,Haissem Hassan,M,53.0,,
12813018,away,295361,Mahmoud Trézéguet,M,40.0,,
12813018,away,1961596,Hamza Abdelkarim,F,15.0,,
12813018,away,1101624,Mahmoud Saber,M,1.0,,
12813018,away,871735,Mohamed El-Shenawy,G,,,
12813018,away,1980828,Mohamed Alaa,G,,,
12813018,away,918547,Mahdi Soliman,G,,,
12813018,away,1480544,Tarek Alaa,D,,,
12813018,away,1008171,Ibrahim Adel,M,,,
12813018,away,547494,Zizo,M,,,
12813018,away,918505,Nabil Donga,M,,,
12812999,home,158263,Emiliano Martínez,G,120.0,,
12812999,home,831799,Nahuel Molina,D,104.0,,
12812999,home,829932,Cristian Romero,D,120.0,,
12812999,home,859999,Lisandro Martínez,D,120.0,1.0,
12812999,home,860307,Facundo Medina,D,86.0,,
12812999,home,249399,Rodrigo De Paul,M,84.0,,
12812999,home,895324,Alexis Mac Allister,M,120.0,,
12812999,home,974505,Enzo Fernández,M,120.0,,
12812999,home,944660,Thiago Almada,M,64.0,,
12812999,home,12994,Lionel Messi,F,120.0,1.0,
12812999,home,823984,Lautaro Martínez,F,63.0,,
12812999,home,944656,Julián Alvarez,F,57.0,,
12812999,home,901325,Nicolás González,M,56.0,,
12812999,home,255389,Leandro Paredes,M,36.0,,
12812999,home,158243,Nicolás Tagliafico,D,34.0,,
12812999,home,822933,Gonzalo Montiel,D,16.0,,
12812999,home,128383,Gerónimo Rulli,G,,,
12812999,home,263651,Juan Musso,G,,,
12812999,home,830659,Marcos Senesi,D,,,
12812999,home,74915,Nicolás Otamendi,D,,,
12812999,home,822600,Exequiel Palacios,M,,,
12812999,home,798835,Giovani Lo Celso,M,,,
12812999,home,1099352,Giuliano Simeone,M,,,
12812999,home,1171451,Nico Paz,M,,,
12812999,home,1127057,Valentín Barco,M,,,
12812999,home,1094179,José Manuel López,F,,,
12812999,away,307436,Vozinha,G,120.0,,
12812999,away,287833,Steven Moreira,D,120.0,,
12812999,away,147138,Pico,D,120.0,,
12812999,away,784677,Diney Borges,D,120.0,,
12812999,away,1117723,Sidny Lopes Cabral,D,120.0,1.0,
12812999,away,906838,Kevin Pina,M,100.0,,
12812999,away,52797,Ryan Mendes,M,80.0,,
12812999,away,798177,Laros Duarte,M,67.0,,
12812999,away,921089,Deroy Duarte,M,100.0,1.0,
12812999,away,845802,Jovane Cabral,F,80.0,,
12812999,away,209374,Nuno Da Costa,F,67.0,,
12812999,away,815080,Jamiro Monteiro,M,53.0,,
12812999,away,1155358,Dailon Rocha Livramento,F,53.0,,
12812999,away,1094395,Hélio Varela,M,40.0,,
12812999,away,889052,Willy Semedo,M,40.0,,
12812999,away,818064,Yannick Semedo,M,20.0,,
12812999,away,1111215,Gilson Tavares,F,20.0,,
12812999,away,906020,CJ Dos Santos,G,,,
12812999,away,892133,Márcio Rosa,G,,,
12812999,away,911853,Logan Costa,D,,,
12812999,away,1048591,Kelvin Pires,D,,,
12812999,away,59609,Stopira,D,,,
12812999,away,1513625,Wagner Pina,D,,,
12812999,away,787429,Garry Rodrigues,M,,,
12812999,away,1001675,João Paulo,M,,,
12812999,away,1035280,Telmo Arcanjo,M,,,
12813011,home,125787,Camilo Vargas,G,90.0,,
12813011,home,870360,Daniel Muñoz,M,90.0,,
12813011,home,566102,Davinson Sánchez,D,90.0,,
12813011,home,818481,Jhon Lucumí,D,90.0,,
12813011,home,344847,Johan Mojica,D,90.0,,
12813011,home,1174889,Gustavo Puerta,M,90.0,,
12813011,home,355796,Jefferson Lerma,M,90.0,,
12813011,home,844096,Jhon Arias,M,73.0,1.0,
12813011,home,107414,James Rodríguez,M,45.0,,
12813011,home,281253,Jhon Córdoba,F,8.0,,
12813011,home,883537,Luis Díaz,M,89.0,,
12813011,home,914213,Luis Javier Suárez,F,82.0,,
12813011,home,1015292,Richard Ríos,M,45.0,,
12813011,home,221162,Juan Fernando Quintero,M,17.0,,
12813011,home,877299,Jaminton Campaz,M,8.0,,
12813011,home,33596,David Ospina,G,,,
12813011,home,926238,Álvaro Montero,G,,,
12813011,home,158583,Santiago Arias,D,,,
12813011,home,360396,Yerry Mina,D,,,
12813011,home,931705,Willer Ditta,D,,,
12813011,home,822110,Deiver Machado,D,,,
12813011,home,1066915,Kevin Castaño,M,,,
12813011,home,590392,Jorge Carrascal,M,,,
12813011,home,980580,Juan Portilla,M,,,
12813011,home,1160386,Andrés Gómez,M,,,
12813011,home,887055,Cucho Hernández,F,,,
12813011,away,791092,Lawrence Ati Zigi,G,90.0,,
12813011,away,1087805,Marvin Senaya,D,13.0,,
12813011,away,363782,Derrick Luckassen,D,90.0,,
12813011,away,920514,Jerome Opoku,D,90.0,,
12813011,away,844942,Gideon Mensah,D,90.0,,
12813011,away,316148,Thomas Partey,M,90.0,,
12813011,away,783374,Iñaki Williams,M,62.0,,
12813011,away,1986794,Caleb Yirenkyi,M,79.0,,
12813011,away,905639,Kwasi Sibo,M,62.0,,
12813011,away,934354,Antoine Semenyo,M,90.0,,
12813011,away,103045,Jordan Ayew,F,79.0,,
12813011,away,1049515,Alidu Seidu,D,77.0,,
12813011,away,904424,Elisha Owusu,M,28.0,,
12813011,away,1103589,Abdul Fatawu Issahaku,M,28.0,,
12813011,away,1202024,Ernest Nuamah,F,11.0,,
12813011,away,1472288,Prince Kwabena Adu,F,11.0,,
12813011,away,970370,Joseph Anang,G,,,
12813011,away,1457083,Benjamin Asare,G,,,
12813011,away,1218056,Jonas Adjei Adjetey,D,,,
12813011,away,846147,Abdul Mumin,D,,,
12813011,away,239632,Rahman Baba,D,,,
12813011,away,1473092,Kojo Peprah Oppong,D,,,
12813011,away,1477662,Christopher Baah,M,,,
12813011,away,1138352,Augustine Boakye,F,,,
12813011,away,846061,Brandon Thomas-Asante,F,,,
12813011,away,1019442,Kamaldeen Sulemana,F,,,
12813009,home,155736,Maxime Crépeau,G,90.0,,
12813009,home,984419,Alistair Johnston,D,90.0,,
12813009,home,1469180,Moise Bombito,D,90.0,,
12813009,home,1413129,Luc De Fougerolles,D,90.0,,
12813009,home,829207,Richie Laryea,D,78.0,,
12813009,home,973290,Tajon Buchanan,M,87.0,,
12813009,home,1411145,Niko Sigur,D,87.0,,
12813009,home,886223,Stephen Eustaquio,M,90.0,,
12813009,home,1464637,Ali Ahmed,M,78.0,,
12813009,home,935564,Jonathan David,F,90.0,,
12813009,home,1172477,Tani Oluwaseyi,F,63.0,,
12813009,home,790179,Cyle Larin,F,27.0,,
12813009,home,1119328,Promise David,F,12.0,,
12813009,home,976313,Jacob Shaffelburg,F,12.0,,
12813009,home,273031,Jonathan Osorio,M,13.0,,
12813009,home,1002489,Jayden Nelson,F,13.0,,
12813009,home,1087790,Owen Goodman,G,,,
12813009,home,973286,Dayne St. Clair,G,,,
12813009,home,1020472,Joel Waterman,D,,,
12813009,home,843665,Alphonso Davies,D,,,
12813009,home,845426,Alfie Jones,D,,,
12813009,home,801411,Derek Cornelius,D,,,
12813009,home,937255,Mathieu Choinière,M,,,
12813009,home,1093229,Nathan-Dylan Saliba,M,,,
12813009,home,902083,Liam Millar,M,,,
12813009,away,360938,Yassine Bounou,G,90.0,,
12813009,away,814594,Achraf Hakimi,D,90.0,,
12813009,away,825719,Issa Diop,D,87.0,,
12813009,away,1143667,Redouane Halhal,D,90.0,,
12813009,away,847030,Noussair Mazraoui,D,90.0,,
12813009,away,1564180,Ayyoub Bouaddi,M,63.0,,
12813009,away,1128530,Neil El Aynaoui,M,90.0,,
12813009,away,835485,Brahim Díaz,M,90.0,,
12813009,away,991421,Azzedine Ounahi,M,87.0,2.0,
12813009,away,1126569,Bilal El Khannouss,M,63.0,,
12813009,away,1063767,Ismael Saibari,M,22.0,,
12813009,away,953995,Soufiane Rahimi,F,68.0,1.0,
12813009,away,359272,Sofyan Amrabat,M,27.0,,
12813009,away,1142675,Chemsdine Talbi,M,27.0,,
12813009,away,847714,Marwane Saadane,D,13.0,,
12813009,away,1605921,Samir El Mourabet,M,13.0,,
12813009,away,141967,Munir El Kajoui,G,,,
12813009,away,359280,Ahmed Reda Tagnaouti,G,,,
12813009,away,961684,Anass Salah-Eddine,D,,,
12813009,away,1134470,Zakaria El Ouahdi,D,,,
12813009,away,919484,Youssef Belammari,D,,,
12813009,away,1064218,Chadi Riad,D,,,
12813009,away,1392829,Amine Sbai,M,,,
12813009,away,1638338,Gessime Yassine,M,,,
12813009,away,919793,Ayoub El Kaabi,F,,,
12813009,away,1898148,Ayoube Amaimouni Echghouyab,F,,,
12813010,home,991709,Orlando Gill,G,90.0,,
12813010,home,989801,Juan Cáceres,D,90.0,,
12813010,home,805427,Gustavo Velázquez,D,90.0,,
12813010,home,220833,Gustavo Gómez,D,90.0,,
12813010,home,805137,Omar Alderete,D,58.0,,
12813010,home,333275,Junior Alonso,D,90.0,,
12813010,home,333373,Miguel Almirón,M,71.0,,
12813010,home,1065588,Diego Gómez,M,71.0,,
12813010,home,546416,Andrés Cubas,M,90.0,,
12813010,home,1105836,Matías Galarza,M,90.0,,
12813010,home,973556,Julio Enciso,M,61.0,,
12813010,home,877452,José Canale,D,32.0,,
12813010,home,988656,Gustavo Caballero,M,29.0,,
12813010,home,986233,Mauricio,M,19.0,,
12813010,home,789453,Gabriel Ávalos,F,19.0,,
12813010,home,339135,Gastón Olveira,G,,,
12813010,home,840027,Roberto Fernández,G,,,
12813010,home,339447,Fabián Balbuena,D,,,
12813010,home,1546739,Alexandro Maidana,D,,,
12813010,home,1015261,Damián Bobadilla,M,,,
12813010,home,883206,Braian Ojeda,M,,,
12813010,home,788936,Alejandro Romero,M,,,
12813010,home,1015733,Ramón Sosa,F,,,
12813010,home,333261,Antonio Sanabria,F,,,
12813010,home,1167312,Alex Arce,F,,,
12813010,home,979861,Isidro Pitta,F,,,
12813010,away,191210,Mike Maignan,G,90.0,,
12813010,away,827212,Jules Koundé,D,90.0,,
12813010,away,798583,Dayot Upamecano,D,90.0,,
12813010,away,941168,William Saliba,D,90.0,,
12813010,away,96538,Lucas Digne,D,90.0,,
12813010,away,974087,Manu Koné,M,90.0,,
12813010,away,250737,Adrien Rabiot,M,90.0,,
12813010,away,818244,Ousmane Dembélé,F,84.0,,
12813010,away,978838,Michael Olise,M,90.0,,
12813010,away,996952,Bradley Barcola,F,61.0,,
12813010,away,826643,Kylian Mbappé,F,90.0,1.0,
12813010,away,1154605,Désiré Doué,F,29.0,,
12813010,away,979128,Rayan Cherki,M,17.0,,
12813010,away,1387161,Robin Risser,G,,,
12813010,away,164055,Brice Samba,G,,,
12813010,away,996958,Malo Gusto,D,,,
12813010,away,826215,Ibrahima Konaté,D,,,
12813010,away,788027,Theo Hernández,D,,,
12813010,away,352370,Lucas Hernández,D,,,
12813010,away,879674,Maxence Lacroix,D,,,
12813010,away,859025,Aurélien Tchouaméni,M,,,
12813010,away,234148,N'Golo Kanté,M,,,
12813010,away,1142672,Warren Zaïre-Emery,M,,,
12813010,away,1130939,Maghnes Akliouche,M,,,
12813010,away,791702,Marcus Thuram,F,,,
12813010,away,848276,Jean-Philippe Mateta,F,,,
12813006,home,243609,Alisson,G,90.0,,
12813006,home,124992,Danilo,D,90.0,,
12813006,home,155995,Marquinhos,D,90.0,,
12813006,home,869792,Gabriel Magalhães,D,90.0,,
12813006,home,243583,Douglas Santos,D,90.0,,
12813006,home,1464966,Rayan,M,67.0,,
12813006,home,866469,Bruno Guimarães,M,79.0,,
12813006,home,122951,Casemiro,M,90.0,,
12813006,home,922573,Gabriel Martinelli,F,67.0,,
12813006,home,886363,Matheus Cunha,F,58.0,,
12813006,home,868812,Vinícius Júnior,F,90.0,,
12813006,home,1174937,Endrick,F,32.0,,
12813006,home,1064039,Danilo Santos,M,23.0,,
12813006,home,124712,Neymar,F,23.0,1.0,
12813006,home,946888,Éderson,M,11.0,,
12813006,home,243529,Weverton,G,,,
12813006,home,254491,Ederson,G,,,
12813006,home,84854,Alex Sandro,D,,,
12813006,home,885197,Bremer,D,,,
12813006,home,358548,Léo Pereira,D,,,
12813006,home,888949,Roger Ibañez,D,,,
12813006,home,243585,Fabinho,M,,,
12813006,home,831005,Raphinha,M,,,
12813006,home,1035995,Luiz Henrique,M,,,
12813006,home,1016907,Igor Thiago,F,,,
12813006,away,22209,Ørjan Nyland,G,90.0,,
12813006,away,800951,Julian Ryerson,M,63.0,,
12813006,away,576384,Kristoffer Ajer,D,90.0,,
12813006,away,933264,Torbjørn Heggem,D,90.0,,
12813006,away,1031283,David Møller Wolfe,D,89.0,,
12813006,away,547410,Martin Ødegaard,M,90.0,,
12813006,away,793167,Sander Berge,M,90.0,,
12813006,away,355174,Patrick Berg,M,90.0,,
12813006,away,309078,Alexander Sørloth,F,45.0,,
12813006,away,839956,Erling Haaland,F,90.0,2.0,
12813006,away,1121923,Antonio Nusa,F,45.0,,
12813006,away,1100952,Andreas Schjelderup,M,45.0,,
12813006,away,1065216,Oscar Bobb,M,45.0,,
12813006,away,228364,Fredrik Aursnes,M,27.0,,
12813006,away,879746,Leo Østigård,D,1.0,,
12813006,away,1030355,Sander Tangvik,G,,,
12813006,away,798176,Egil Selvik,G,,,
12813006,away,795154,Fredrik André Bjørkan,D,,,
12813006,away,1026541,Sondre Langås,D,,,
12813006,away,1022374,Henrik Sælebakke Falchener,D,,,
12813006,away,280991,Morten Thorsby,M,,,
12813006,away,924973,Kristian Thorstvedt,M,,,
12813006,away,1065989,Thelo Aasgaard,M,,,
12813006,away,838805,Jens Petter Hauge,F,,,
12813006,away,876599,Jørgen Strand Larsen,F,,,
12813007,home,990408,Raúl Rangel,G,90.0,,
12813007,home,832868,Jorge Sánchez,D,79.0,,
12813007,home,818406,César Montes,D,45.0,,
12813007,home,889785,Johan Vásquez,D,90.0,,
12813007,home,770253,Jesús Gallardo,D,90.0,,
12813007,home,1914576,Gilberto Mora,M,61.0,,
12813007,home,944068,Erik Lira,D,90.0,,
12813007,home,1172773,Luis Romo,D,61.0,,
12813007,home,865500,Roberto Alvarado,F,90.0,,
12813007,home,192442,Raúl Jiménez,F,90.0,1.0,
12813007,home,843114,Julián Quiñones,F,81.0,1.0,
12813007,home,847151,Edson Álvarez,M,45.0,,
12813007,home,1023088,Brian Gutiérrez,M,29.0,,
12813007,home,892141,Santiago Giménez,F,29.0,,
12813007,home,838629,Álvaro Fidalgo,M,11.0,,
12813007,home,795282,Guillermo Martínez,F,9.0,,
12813007,home,840519,Carlos Acevedo,G,,,
12813007,home,15497,Guillermo Ochoa,G,,,
12813007,home,989236,Israel Reyes,D,,,
12813007,home,1638685,Mateo Chávez,D,,,
12813007,home,850404,Orbelín Pineda,M,,,
12813007,home,1119345,Obed Vargas,M,,,
12813007,home,757770,Luis Chávez,M,,,
12813007,home,815637,Alexis Vega,M,,,
12813007,home,905257,César Huerta,M,,,
12813007,home,1595162,Armando González,F,,,
12813007,away,138530,Jordan Pickford,G,90.0,,
12813007,away,1003339,Jarell Quansah,D,54.0,,
12813007,away,827679,Ezri Konsa,D,90.0,,
12813007,away,877994,Marc Guéhi,D,90.0,,
12813007,away,1142703,Nico O'Reilly,D,74.0,,
12813007,away,856714,Declan Rice,M,90.0,,
12813007,away,994546,Elliot Anderson,M,75.0,,
12813007,away,934235,Bukayo Saka,F,57.0,,
12813007,away,991011,Jude Bellingham,M,90.0,2.0,
12813007,away,914902,Anthony Gordon,F,90.0,,
12813007,away,108579,Harry Kane,F,89.0,1.0,
12813007,away,152077,John Stones,D,33.0,,
12813007,away,945798,Djed Spence,D,16.0,,
12813007,away,99090,Dan Burn,D,15.0,,
12813007,away,948261,Morgan Rogers,M,13.0,,
12813007,away,788134,Dean Henderson,G,,,
12813007,away,980643,James Trafford,G,,,
12813007,away,826134,Trevoh Chalobah,D,,,
12813007,away,885908,Reece James,D,,,
12813007,away,42694,Jordan Henderson,M,,,
12813007,away,1142175,Kobbie Mainoo,M,,,
12813007,away,864921,Eberechi Eze,M,,,
12813007,away,555386,Ollie Watkins,F,,,
12813007,away,814590,Marcus Rashford,F,,,
12813007,away,966547,Noni Madueke,F,,,
12813007,away,290927,Ivan Toney,F,,,
12812990,home,843115,Diogo Costa,G,90.0,,
12812990,home,138892,João Cancelo,D,71.0,,
12812990,home,318941,Rúben Dias,D,90.0,,
12812990,home,1087359,Renato Veiga,D,90.0,,
12812990,home,989768,Nuno Mendes,D,56.0,,
12812990,home,902029,Vitinha,M,83.0,,
12812990,home,1190933,João Neves,M,90.0,,
12812990,home,879349,Pedro Neto,M,83.0,,
12812990,home,288205,Bruno Fernandes,M,90.0,,
12812990,home,851671,João Félix,F,71.0,,
12812990,home,750,Cristiano Ronaldo,F,90.0,,
12812990,home,252821,Nélson Semedo,D,34.0,,
12812990,home,843200,Diogo Dalot,D,19.0,,
12812990,home,851284,Rafael Leão,F,19.0,,
12812990,home,331209,Bernardo Silva,M,16.0,,
12812990,home,979222,Francisco Conceição,F,16.0,,
12812990,home,252669,José Sá,G,,,
12812990,home,253809,Rui Silva,G,,,
12812990,home,945122,Matheus Nunes,D,,,
12812990,home,1001196,Gonçalo Inácio,D,,,
12812990,home,983542,Tomás Araújo,D,,,
12812990,home,280979,Gonçalo Guedes,M,,,
12812990,home,830431,Francisco Trincão,M,,,
12812990,home,988351,Samú Costa,M,,,
12812990,home,280955,Rúben Neves,M,,,
12812990,home,934510,Gonçalo Ramos,F,,,
12812990,away,797291,Unai Simón,G,90.0,,
12812990,away,913654,Pedro Porro,D,90.0,,
12812990,away,1402913,Pau Cubarsí,D,90.0,,
12812990,away,149734,Aymeric Laporte,D,90.0,,
12812990,away,794939,Marc Cucurella,D,90.0,,
12812990,away,827606,Rodri,M,90.0,,
12812990,away,992587,Pedri,M,85.0,,
12812990,away,1402912,Lamine Yamal,M,90.0,,
12812990,away,789071,Dani Olmo,M,85.0,,
12812990,away,910031,Alex Baena,M,75.0,,
12812990,away,823622,Mikel Oyarzabal,F,89.0,,
12812990,away,855833,Ferran Torres,F,15.0,,
12812990,away,784655,Fabián Ruiz,M,14.0,,
12812990,away,592010,Mikel Merino,M,14.0,1.0,
12812990,away,785989,Borja Iglesias,F,1.0,,
12812990,away,581310,David Raya,G,,,
12812990,away,930267,Joan García,G,,,
12812990,away,876214,Eric García,D,,,
12812990,away,353138,Marcos Llorente,D,,,
12812990,away,1094106,Marc Pubill,D,,,
12812990,away,177177,Alejandro Grimaldo,M,,,
12812990,away,966837,Martín Zubimendi,M,,,
12812990,away,1085400,Nico Williams,M,,,
12812990,away,1103693,Gavi,M,,,
12812990,away,1145642,Víctor Muñoz,F,,,
12812990,away,984624,Yéremy Pino,F,,,
12813002,home,973436,Matthew Freese,G,90.0,,
12813002,home,1184541,Alexander Freeman,D,90.0,,
12813002,home,931844,Chris Richards,D,90.0,,
12813002,home,118179,Tim Ream,D,90.0,,
12813002,home,803174,Antonee Robinson,D,89.0,,
12813002,home,881931,Weston McKennie,M,90.0,,
12813002,home,800419,Tyler Adams,M,72.0,,
12813002,home,975798,Malik Tillman,M,90.0,1.0,
12813002,home,906021,Sergiño Dest,D,45.0,,
12813002,home,934237,Folarin Balogun,F,89.0,,
12813002,home,817957,Christian Pulišić,F,59.0,,
12813002,home,989056,Giovanni Reyna,M,45.0,,
12813002,home,1014845,Sebastian Berhalter,M,31.0,,
12813002,home,986395,Ricardo Pepi,F,18.0,,
12813002,home,1471659,Maximilian Arfsten,M,1.0,,
12813002,home,818391,Haji Wright,F,1.0,,
12813002,home,833943,Matt Turner,G,,,
12813002,home,1024293,Chris Brady,G,,,
12813002,home,868843,Miles Robinson,D,,,
12813002,home,922759,Mark McKenzie,D,,,
12813002,home,822459,Auston Trusty,D,,,
12813002,home,1002920,Joe Scally,D,,,
12813002,home,790108,Alex Zendejas,M,,,
12813002,home,855810,Timothy Weah,M,,,
12813002,home,973431,Brenden Aaronson,M,,,
12813002,away,70988,Thibaut Courtois,G,90.0,,
12813002,away,329417,Timothy Castagne,D,90.0,,
12813002,away,1119487,Nathan Ngoy,D,90.0,,
12813002,away,248331,Brandon Mechele,D,90.0,,
12813002,away,997152,Maxim De Cuyper,D,90.0,,
12813002,away,923973,Amadou Onana,M,21.0,,
12813002,away,889378,Nicolas Raskin,M,89.0,,
12813002,away,823631,Dodi Lukebakio,M,67.0,,
12813002,away,331737,Youri Tielemans,M,90.0,,
12813002,away,135666,Leandro Trossard,F,89.0,,
12813002,away,960441,Charles De Ketelaere,F,67.0,2.0,
12813002,away,118085,Hans Vanaken,M,69.0,1.0,
12813002,away,934386,Jérémy Doku,M,23.0,,
12813002,away,78893,Romelu Lukaku,F,23.0,1.0,
12813002,away,901891,Alexis Saelemaekers,M,1.0,,
12813002,away,35612,Axel Witsel,M,1.0,,
12813002,away,1149148,Mike Penders,G,,,
12813002,away,964753,Senne Lammens,G,,,
12813002,away,1395881,Joaquin Seys,D,,,
12813002,away,965778,Arthur Theate,D,,,
12813002,away,1001828,Koni De Winter,D,,,
12813002,away,1126512,Zeno Debast,D,,,
12813002,away,128587,Thomas Meunier,D,,,
12813002,away,1142233,Diego Moreira,M,,,
12813002,away,70996,Kevin De Bruyne,M,,,
12813002,away,1149144,Matías Fernández-Pardo,F,,,
12812993,home,158263,Emiliano Martínez,G,90.0,,
12812993,home,831799,Nahuel Molina,D,73.0,,
12812993,home,829932,Cristian Romero,D,89.0,1.0,
12812993,home,859999,Lisandro Martínez,D,90.0,,
12812993,home,158243,Nicolás Tagliafico,D,66.0,,
12812993,home,255389,Leandro Paredes,M,90.0,,
12812993,home,249399,Rodrigo De Paul,M,66.0,,
12812993,home,895324,Alexis Mac Allister,M,90.0,,
12812993,home,974505,Enzo Fernández,M,90.0,1.0,
12812993,home,12994,Lionel Messi,F,90.0,1.0,
12812993,home,944656,Julián Alvarez,F,89.0,,
12812993,home,901325,Nicolás González,M,24.0,,
12812993,home,823984,Lautaro Martínez,F,24.0,,
12812993,home,822933,Gonzalo Montiel,D,17.0,,
12812993,home,74915,Nicolás Otamendi,D,1.0,,
12812993,home,860307,Facundo Medina,D,1.0,,
12812993,home,128383,Gerónimo Rulli,G,,,
12812993,home,263651,Juan Musso,G,,,
12812993,home,830659,Marcos Senesi,D,,,
12812993,home,1127057,Valentín Barco,M,,,
12812993,home,798835,Giovani Lo Celso,M,,,
12812993,home,822600,Exequiel Palacios,M,,,
12812993,home,944660,Thiago Almada,M,,,
12812993,home,1099352,Giuliano Simeone,M,,,
12812993,home,1171451,Nico Paz,M,,,
12812993,home,1094179,José Manuel López,F,,,
12812993,away,1048378,Mostafa Shobeir,G,90.0,,
12812993,away,826545,Mohamed Hany,D,90.0,,
12812993,away,333441,Yasser Ibrahim,D,90.0,1.0,
12812993,away,295339,Rami Rabia,D,90.0,,
12812993,away,577736,Karim Hafez,D,90.0,,
12812993,away,942836,Haissem Hassan,M,73.0,,
12812993,away,918506,Mohanad Lasheen,M,89.0,,
12812993,away,1013699,Marwan Attia,M,90.0,,
12812993,away,967032,Emam Ashour,M,45.0,,
12812993,away,159665,Mohamed Salah,M,90.0,,
12812993,away,1418782,Mostafa Ziko,M,80.0,1.0,
12812993,away,918913,Hamdy Fathy,M,45.0,,
12812993,away,295361,Mahmoud Trézéguet,M,17.0,,
12812993,away,873554,Omar Marmoush,F,10.0,,
12812993,away,547494,Zizo,M,1.0,,
12812993,away,871735,Mohamed El-Shenawy,G,,,
12812993,away,1980828,Mohamed Alaa,G,,,
12812993,away,918547,Mahdi Soliman,G,,,
12812993,away,1480544,Tarek Alaa,D,,,
12812993,away,1063327,Hossam Abdelmaguid,D,,,
12812993,away,1008171,Ibrahim Adel,M,,,
12812993,away,1101624,Mahmoud Saber,M,,,
12812993,away,918505,Nabil Donga,M,,,
12812993,away,1961596,Hamza Abdelkarim,F,,,
12812991,home,556866,Gregor Kobel,G,120.0,,
12812991,home,770677,Denis Zakaria,M,87.0,,
12812991,home,282229,Nico Elvedi,D,120.0,,
12812991,home,383560,Manuel Akanji,D,120.0,,
12812991,home,67769,Ricardo Rodríguez,D,71.0,,
12812991,home,115516,Remo Freuler,M,120.0,,
12812991,home,117777,Granit Xhaka,M,120.0,,
12812991,home,929620,Fabian Rieder,M,103.0,,
12812991,home,1034082,Ardon Jashari,M,45.0,,
12812991,home,944327,Dan Ndoye,M,89.0,,
12812991,home,352296,Breel Embolo,F,87.0,,
12812991,home,799054,Djibril Sow,M,75.0,,
12812991,home,798303,Miro Muheim,M,49.0,,
12812991,home,157377,Silvan Widmer,M,33.0,,
12812991,home,352290,Cédric Itten,F,33.0,,
12812991,home,872919,Rubén Vargas,M,31.0,,
12812991,home,990550,Zeki Amdouni,F,17.0,,
12812991,home,149656,Yvon Mvogo,G,,,
12812991,home,1005744,Marvin Keller,G,,,
12812991,home,814023,Eray Cömert,D,,,
12812991,home,999276,Aurèle Amenda,D,,,
12812991,home,787422,Christian Fassnacht,M,,,
12812991,home,865523,Noah Okafor,F,,,
12812991,away,125787,Camilo Vargas,G,120.0,,
12812991,away,870360,Daniel Muñoz,M,120.0,,
12812991,away,566102,Davinson Sánchez,D,120.0,,
12812991,away,818481,Jhon Lucumí,D,119.0,,
12812991,away,344847,Johan Mojica,D,120.0,,
12812991,away,844096,Jhon Arias,M,66.0,,
12812991,away,355796,Jefferson Lerma,M,82.0,,
12812991,away,1174889,Gustavo Puerta,M,120.0,,
12812991,away,883537,Luis Díaz,M,120.0,,
12812991,away,107414,James Rodríguez,M,66.0,,
12812991,away,914213,Luis Javier Suárez,F,82.0,,
12812991,away,221162,Juan Fernando Quintero,M,54.0,,
12812991,away,877299,Jaminton Campaz,M,54.0,,
12812991,away,1015292,Richard Ríos,M,38.0,,
12812991,away,887055,Cucho Hernández,F,38.0,,
12812991,away,360396,Yerry Mina,D,1.0,,
12812991,away,33596,David Ospina,G,,,
12812991,away,926238,Álvaro Montero,G,,,
12812991,away,158583,Santiago Arias,D,,,
12812991,away,931705,Willer Ditta,D,,,
12812991,away,822110,Deiver Machado,D,,,
12812991,away,1066915,Kevin Castaño,M,,,
12812991,away,590392,Jorge Carrascal,M,,,
12812991,away,980580,Juan Portilla,M,,,
12812991,away,1160386,Andrés Gómez,M,,,
12812991,away,281253,Jhon Córdoba,F,,,
12813016,home,191210,Mike Maignan,G,90.0,,
12813016,home,827212,Jules Koundé,D,87.0,,
12813016,home,798583,Dayot Upamecano,D,90.0,,
12813016,home,941168,William Saliba,D,90.0,,
12813016,home,96538,Lucas Digne,D,90.0,,
12813016,home,974087,Manu Koné,M,71.0,,
12813016,home,250737,Adrien Rabiot,M,90.0,,
12813016,home,818244,Ousmane Dembélé,F,90.0,1.0,
12813016,home,978838,Michael Olise,M,90.0,,
12813016,home,1154605,Désiré Doué,F,77.0,,
12813016,home,826643,Kylian Mbappé,F,77.0,1.0,
12813016,home,1142672,Warren Zaïre-Emery,M,19.0,,
12813016,home,848276,Jean-Philippe Mateta,F,13.0,,
12813016,home,996952,Bradley Barcola,F,13.0,,
12813016,home,996958,Malo Gusto,D,10.0,,
12813016,home,164055,Brice Samba,G,,,
12813016,home,1387161,Robin Risser,G,,,
12813016,home,826215,Ibrahima Konaté,D,,,
12813016,home,352370,Lucas Hernández,D,,,
12813016,home,788027,Theo Hernández,D,,,
12813016,home,879674,Maxence Lacroix,D,,,
12813016,home,859025,Aurélien Tchouaméni,M,,,
12813016,home,979128,Rayan Cherki,M,,,
12813016,home,234148,N'Golo Kanté,M,,,
12813016,home,1130939,Maghnes Akliouche,M,,,
12813016,home,791702,Marcus Thuram,F,,,
12813016,away,360938,Yassine Bounou,G,90.0,,
12813016,away,814594,Achraf Hakimi,D,90.0,,
12813016,away,825719,Issa Diop,D,90.0,,
12813016,away,847030,Noussair Mazraoui,D,90.0,,
12813016,away,961684,Anass Salah-Eddine,D,74.0,,
12813016,away,1564180,Ayyoub Bouaddi,M,62.0,,
12813016,away,1128530,Neil El Aynaoui,M,90.0,,
12813016,away,835485,Brahim Díaz,M,74.0,,
12813016,away,991421,Azzedine Ounahi,M,90.0,,
12813016,away,1142675,Chemsdine Talbi,M,85.0,,
12813016,away,1126569,Bilal El Khannouss,M,62.0,,
12813016,away,359272,Sofyan Amrabat,M,28.0,,
12813016,away,953995,Soufiane Rahimi,F,28.0,,
12813016,away,1134470,Zakaria El Ouahdi,D,16.0,,
12813016,away,1638338,Gessime Yassine,M,16.0,,
12813016,away,1392829,Amine Sbai,M,12.0,,
12813016,away,141967,Munir El Kajoui,G,,,
12813016,away,359280,Ahmed Reda Tagnaouti,G,,,
12813016,away,847714,Marwane Saadane,D,,,
12813016,away,1064218,Chadi Riad,D,,,
12813016,away,1143667,Redouane Halhal,D,,,
12813016,away,919484,Youssef Belammari,D,,,
12813016,away,1605921,Samir El Mourabet,M,,,
12813016,away,1063767,Ismael Saibari,M,,,
12813016,away,919793,Ayoub El Kaabi,F,,,
12813016,away,1898148,Ayoube Amaimouni Echghouyab,F,,,
12812994,home,797291,Unai Simón,G,90.0,,
12812994,home,913654,Pedro Porro,D,90.0,,
12812994,home,1402913,Pau Cubarsí,D,90.0,,
12812994,home,149734,Aymeric Laporte,D,90.0,,
12812994,home,794939,Marc Cucurella,D,90.0,,
12812994,home,827606,Rodri,M,90.0,,
12812994,home,784655,Fabián Ruiz,M,55.0,1.0,
12812994,home,1402912,Lamine Yamal,M,90.0,,
12812994,home,789071,Dani Olmo,M,86.0,,
12812994,home,910031,Alex Baena,M,55.0,,
12812994,home,823622,Mikel Oyarzabal,F,79.0,,
12812994,home,992587,Pedri,M,35.0,,
12812994,home,855833,Ferran Torres,F,35.0,,
12812994,home,1085400,Nico Williams,M,11.0,,
12812994,home,592010,Mikel Merino,M,12.0,1.0,
12812994,home,581310,David Raya,G,,,
12812994,home,930267,Joan García,G,,,
12812994,home,1094106,Marc Pubill,D,,,
12812994,home,876214,Eric García,D,,,
12812994,home,353138,Marcos Llorente,D,,,
12812994,home,177177,Alejandro Grimaldo,M,,,
12812994,home,1103693,Gavi,M,,,
12812994,home,966837,Martín Zubimendi,M,,,
12812994,home,984624,Yéremy Pino,F,,,
12812994,home,1145642,Víctor Muñoz,F,,,
12812994,home,785989,Borja Iglesias,F,,,
12812994,away,70988,Thibaut Courtois,G,71.0,,
12812994,away,329417,Timothy Castagne,D,90.0,,
12812994,away,1119487,Nathan Ngoy,D,90.0,,
12812994,away,248331,Brandon Mechele,D,90.0,,
12812994,away,997152,Maxim De Cuyper,D,61.0,,
12812994,away,118085,Hans Vanaken,M,60.0,,
12812994,away,889378,Nicolas Raskin,M,90.0,,
12812994,away,135666,Leandro Trossard,F,60.0,,
12812994,away,70996,Kevin De Bruyne,M,86.0,,
12812994,away,934386,Jérémy Doku,M,90.0,,
12812994,away,960441,Charles De Ketelaere,F,90.0,1.0,
12812994,away,35612,Axel Witsel,M,30.0,,
12812994,away,78893,Romelu Lukaku,F,30.0,,
12812994,away,1395881,Joaquin Seys,D,29.0,,
12812994,away,964753,Senne Lammens,G,19.0,,
12812994,away,901891,Alexis Saelemaekers,M,12.0,,
12812994,away,1149148,Mike Penders,G,,,
12812994,away,965778,Arthur Theate,D,,,
12812994,away,128587,Thomas Meunier,D,,,
12812994,away,1001828,Koni De Winter,D,,,
12812994,away,1142233,Diego Moreira,M,,,
12812994,away,823631,Dodi Lukebakio,M,,,
12812994,away,1149144,Matías Fernández-Pardo,F,,,
12813017,home,22209,Ørjan Nyland,G,120.0,,
12813017,home,800951,Julian Ryerson,M,60.0,,
12813017,home,576384,Kristoffer Ajer,D,120.0,,
12813017,home,933264,Torbjørn Heggem,D,90.0,,
12813017,home,1031283,David Møller Wolfe,D,89.0,,
12813017,home,547410,Martin Ødegaard,M,120.0,,
12813017,home,793167,Sander Berge,M,120.0,,
12813017,home,355174,Patrick Berg,M,120.0,,
12813017,home,309078,Alexander Sørloth,F,68.0,,
12813017,home,839956,Erling Haaland,F,105.0,,
12813017,home,1100952,Andreas Schjelderup,M,68.0,1.0,
12813017,home,228364,Fredrik Aursnes,M,60.0,,
12813017,home,1065216,Oscar Bobb,M,52.0,,
12813017,home,1121923,Antonio Nusa,F,52.0,,
12813017,home,934409,Marcus Pedersen,M,31.0,,
12813017,home,879746,Leo Østigård,D,30.0,,
12813017,home,876599,Jørgen Strand Larsen,F,15.0,,
12813017,home,1030355,Sander Tangvik,G,,,
12813017,home,798176,Egil Selvik,G,,,
12813017,home,795154,Fredrik André Bjørkan,D,,,
12813017,home,1026541,Sondre Langås,D,,,
12813017,home,1022374,Henrik Sælebakke Falchener,D,,,
12813017,home,280991,Morten Thorsby,M,,,
12813017,home,924973,Kristian Thorstvedt,M,,,
12813017,home,1065989,Thelo Aasgaard,M,,,
12813017,home,838805,Jens Petter Hauge,F,,,
12813017,away,138530,Jordan Pickford,G,120.0,,
12813017,away,827679,Ezri Konsa,D,89.0,,
12813017,away,152077,John Stones,D,120.0,,
12813017,away,877994,Marc Guéhi,D,120.0,,
12813017,away,1142703,Nico O'Reilly,D,86.0,,
12813017,away,856714,Declan Rice,M,45.0,,
12813017,away,994546,Elliot Anderson,M,120.0,,
12813017,away,966547,Noni Madueke,F,45.0,,
12813017,away,991011,Jude Bellingham,M,111.0,2.0,
12813017,away,914902,Anthony Gordon,F,71.0,,
12813017,away,108579,Harry Kane,F,120.0,,
12813017,away,864921,Eberechi Eze,M,75.0,,
12813017,away,934235,Bukayo Saka,F,75.0,,
12813017,away,885908,Reece James,D,49.0,,
12813017,away,945798,Djed Spence,D,34.0,,
12813017,away,948261,Morgan Rogers,M,31.0,,
12813017,away,99090,Dan Burn,D,9.0,,
12813017,away,788134,Dean Henderson,G,,,
12813017,away,980643,James Trafford,G,,,
12813017,away,826134,Trevoh Chalobah,D,,,
12813017,away,42694,Jordan Henderson,M,,,
12813017,away,1142175,Kobbie Mainoo,M,,,
12813017,away,814590,Marcus Rashford,F,,,
12813017,away,555386,Ollie Watkins,F,,,
12813017,away,290927,Ivan Toney,F,,,
12813015,home,158263,Emiliano Martínez,G,120.0,,
12813015,home,831799,Nahuel Molina,D,85.0,,
12813015,home,829932,Cristian Romero,D,105.0,,
12813015,home,859999,Lisandro Martínez,D,120.0,,
12813015,home,158243,Nicolás Tagliafico,D,78.0,,
12813015,home,255389,Leandro Paredes,M,110.0,,
12813015,home,249399,Rodrigo De Paul,M,85.0,,
12813015,home,974505,Enzo Fernández,M,90.0,,
12813015,home,895324,Alexis Mac Allister,M,120.0,1.0,
12813015,home,12994,Lionel Messi,F,120.0,,
12813015,home,944656,Julián Alvarez,F,120.0,1.0,
12813015,home,901325,Nicolás González,M,42.0,,
12813015,home,822933,Gonzalo Montiel,D,35.0,,
12813015,home,823984,Lautaro Martínez,F,35.0,1.0,
12813015,home,944660,Thiago Almada,M,30.0,,
12813015,home,74915,Nicolás Otamendi,D,15.0,,
12813015,home,1094179,José Manuel López,F,10.0,,
12813015,home,263651,Juan Musso,G,,,
12813015,home,128383,Gerónimo Rulli,G,,,
12813015,home,830659,Marcos Senesi,D,,,
12813015,home,860307,Facundo Medina,D,,,
12813015,home,1127057,Valentín Barco,M,,,
12813015,home,798835,Giovani Lo Celso,M,,,
12813015,home,822600,Exequiel Palacios,M,,,
12813015,home,1099352,Giuliano Simeone,M,,,
12813015,home,1171451,Nico Paz,M,,,
12813015,away,556866,Gregor Kobel,G,120.0,,
12813015,away,770677,Denis Zakaria,M,96.0,,
12813015,away,282229,Nico Elvedi,D,120.0,,
12813015,away,383560,Manuel Akanji,D,120.0,,
12813015,away,67769,Ricardo Rodríguez,D,89.0,,
12813015,away,115516,Remo Freuler,M,115.0,,
12813015,away,117777,Granit Xhaka,M,120.0,,
12813015,away,799054,Djibril Sow,M,86.0,,
12813015,away,929620,Fabian Rieder,M,86.0,,
12813015,away,944327,Dan Ndoye,M,86.0,1.0,
12813015,away,352296,Breel Embolo,F,72.0,,
12813015,away,798303,Miro Muheim,M,34.0,,
12813015,away,157377,Silvan Widmer,M,34.0,,
12813015,away,990550,Zeki Amdouni,F,34.0,,
12813015,away,814023,Eray Cömert,D,31.0,,
12813015,away,1034082,Ardon Jashari,M,24.0,,
12813015,away,872919,Rubén Vargas,M,9.0,,
12813015,away,149656,Yvon Mvogo,G,,,
12813015,away,1005744,Marvin Keller,G,,,
12813015,away,999276,Aurèle Amenda,D,,,
12813015,away,1127823,Luca Jaquez,D,,,
12813015,away,850891,Michel Aebischer,M,,,
12813015,away,787422,Christian Fassnacht,M,,,
12813015,away,865523,Noah Okafor,F,,,
12813015,away,352290,Cédric Itten,F,,,
12813008,home,191210,Mike Maignan,G,90.0,,
12813008,home,827212,Jules Koundé,D,90.0,,
12813008,home,798583,Dayot Upamecano,D,90.0,,
12813008,home,941168,William Saliba,D,30.0,,
12813008,home,96538,Lucas Digne,D,72.0,,
12813008,home,859025,Aurélien Tchouaméni,M,90.0,,
12813008,home,250737,Adrien Rabiot,M,45.0,,
12813008,home,818244,Ousmane Dembélé,F,90.0,,
12813008,home,978838,Michael Olise,M,72.0,,
12813008,home,996952,Bradley Barcola,F,57.0,,
12813008,home,826643,Kylian Mbappé,F,90.0,,
12813008,home,879674,Maxence Lacroix,D,60.0,,
12813008,home,974087,Manu Koné,M,45.0,,
12813008,home,1154605,Désiré Doué,F,33.0,,
12813008,home,788027,Theo Hernández,D,18.0,,
12813008,home,979128,Rayan Cherki,M,18.0,,
12813008,home,164055,Brice Samba,G,,,
12813008,home,1387161,Robin Risser,G,,,
12813008,home,826215,Ibrahima Konaté,D,,,
12813008,home,352370,Lucas Hernández,D,,,
12813008,home,996958,Malo Gusto,D,,,
12813008,home,1130939,Maghnes Akliouche,M,,,
12813008,home,234148,N'Golo Kanté,M,,,
12813008,home,1142672,Warren Zaïre-Emery,M,,,
12813008,home,848276,Jean-Philippe Mateta,F,,,
12813008,home,791702,Marcus Thuram,F,,,
12813008,away,797291,Unai Simón,G,90.0,,
12813008,away,913654,Pedro Porro,D,84.0,1.0,
12813008,away,1402913,Pau Cubarsí,D,90.0,,
12813008,away,149734,Aymeric Laporte,D,90.0,,
12813008,away,794939,Marc Cucurella,D,90.0,,
12813008,away,827606,Rodri,M,90.0,,
12813008,away,784655,Fabián Ruiz,M,78.0,,
12813008,away,1402912,Lamine Yamal,M,90.0,,
12813008,away,789071,Dani Olmo,M,78.0,,
12813008,away,910031,Alex Baena,M,84.0,,
12813008,away,823622,Mikel Oyarzabal,F,74.0,1.0,
12813008,away,855833,Ferran Torres,F,16.0,,
12813008,away,592010,Mikel Merino,M,12.0,,
12813008,away,992587,Pedri,M,12.0,,
12813008,away,353138,Marcos Llorente,D,13.0,,
12813008,away,1085400,Nico Williams,M,13.0,,
12813008,away,581310,David Raya,G,,,
12813008,away,930267,Joan García,G,,,
12813008,away,1094106,Marc Pubill,D,,,
12813008,away,876214,Eric García,D,,,
12813008,away,177177,Alejandro Grimaldo,M,,,
12813008,away,966837,Martín Zubimendi,M,,,
12813008,away,1103693,Gavi,M,,,
12813008,away,785989,Borja Iglesias,F,,,
12813008,away,1145642,Víctor Muñoz,F,,,
12813008,away,984624,Yéremy Pino,F,,,
12812996,home,138530,Jordan Pickford,G,90.0,,
12812996,home,885908,Reece James,D,82.0,,
12812996,home,152077,John Stones,D,89.0,,
12812996,home,877994,Marc Guéhi,D,90.0,,
12812996,home,945798,Djed Spence,D,89.0,,
12812996,home,856714,Declan Rice,M,82.0,,
12812996,home,994546,Elliot Anderson,M,90.0,,
12812996,home,948261,Morgan Rogers,M,90.0,,
12812996,home,991011,Jude Bellingham,M,90.0,,
12812996,home,914902,Anthony Gordon,F,72.0,1.0,
12812996,home,108579,Harry Kane,F,90.0,,
12812996,home,827679,Ezri Konsa,D,18.0,,
12812996,home,1142703,Nico O'Reilly,D,8.0,,
12812996,home,99090,Dan Burn,D,8.0,,
12812996,home,814590,Marcus Rashford,F,1.0,,
12812996,home,290927,Ivan Toney,F,1.0,,
12812996,home,980643,James Trafford,G,,,
12812996,home,788134,Dean Henderson,G,,,
12812996,home,826134,Trevoh Chalobah,D,,,
12812996,home,864921,Eberechi Eze,M,,,
12812996,home,42694,Jordan Henderson,M,,,
12812996,home,1142175,Kobbie Mainoo,M,,,
12812996,home,934235,Bukayo Saka,F,,,
12812996,home,966547,Noni Madueke,F,,,
12812996,home,555386,Ollie Watkins,F,,,
12812996,away,158263,Emiliano Martínez,G,90.0,,
12812996,away,831799,Nahuel Molina,D,72.0,,
12812996,away,829932,Cristian Romero,D,90.0,,
12812996,away,859999,Lisandro Martínez,D,72.0,,
12812996,away,158243,Nicolás Tagliafico,D,81.0,,
12812996,away,255389,Leandro Paredes,M,64.0,,
12812996,away,1099352,Giuliano Simeone,M,72.0,,
12812996,away,974505,Enzo Fernández,M,90.0,1.0,
12812996,away,895324,Alexis Mac Allister,M,90.0,,
12812996,away,944656,Julián Alvarez,F,90.0,,
12812996,away,12994,Lionel Messi,F,90.0,,
12812996,away,901325,Nicolás González,M,26.0,,
12812996,away,74915,Nicolás Otamendi,D,18.0,,
12812996,away,822933,Gonzalo Montiel,D,18.0,,
12812996,away,249399,Rodrigo De Paul,M,18.0,,
12812996,away,823984,Lautaro Martínez,F,9.0,1.0,
12812996,away,263651,Juan Musso,G,,,
12812996,away,128383,Gerónimo Rulli,G,,,
12812996,away,860307,Facundo Medina,D,,,
12812996,away,830659,Marcos Senesi,D,,,
12812996,away,944660,Thiago Almada,M,,,
12812996,away,798835,Giovani Lo Celso,M,,,
12812996,away,822600,Exequiel Palacios,M,,,
12812996,away,1171451,Nico Paz,M,,,
12812996,away,1127057,Valentín Barco,M,,,
12812996,away,1094179,José Manuel López,F,,,
12813003,home,191210,Mike Maignan,G,90.0,,
12813003,home,996958,Malo Gusto,D,89.0,,
12813003,home,826215,Ibrahima Konaté,D,45.0,,
12813003,home,879674,Maxence Lacroix,D,90.0,,
12813003,home,788027,Theo Hernández,D,45.0,,
12813003,home,1142672,Warren Zaïre-Emery,M,90.0,,
12813003,home,250737,Adrien Rabiot,M,90.0,,
12813003,home,978838,Michael Olise,M,90.0,,
12813003,home,979128,Rayan Cherki,M,45.0,,
12813003,home,1154605,Désiré Doué,F,45.0,,
12813003,home,826643,Kylian Mbappé,F,90.0,2.0,
12813003,home,798583,Dayot Upamecano,D,45.0,,
12813003,home,96538,Lucas Digne,D,45.0,,
12813003,home,818244,Ousmane Dembélé,F,45.0,1.0,
12813003,home,996952,Bradley Barcola,F,45.0,1.0,
12813003,home,827212,Jules Koundé,D,8.0,,
12813003,home,1387161,Robin Risser,G,,,
12813003,home,164055,Brice Samba,G,,,
12813003,home,352370,Lucas Hernández,D,,,
12813003,home,941168,William Saliba,D,,,
12813003,home,859025,Aurélien Tchouaméni,M,,,
12813003,home,1130939,Maghnes Akliouche,M,,,
12813003,home,974087,Manu Koné,M,,,
12813003,home,234148,N'Golo Kanté,M,,,
12813003,home,848276,Jean-Philippe Mateta,F,,,
12813003,home,791702,Marcus Thuram,F,,,
12813003,away,788134,Dean Henderson,G,90.0,,
12813003,away,1003339,Jarell Quansah,D,83.0,,
12813003,away,827679,Ezri Konsa,D,90.0,1.0,
12813003,away,877994,Marc Guéhi,D,89.0,,
12813003,away,945798,Djed Spence,D,90.0,,
12813003,away,856714,Declan Rice,M,90.0,1.0,
12813003,away,934235,Bukayo Saka,F,90.0,3.0,
12813003,away,948261,Morgan Rogers,M,90.0,,
12813003,away,864921,Eberechi Eze,M,79.0,,
12813003,away,814590,Marcus Rashford,F,45.0,,
12813003,away,290927,Ivan Toney,F,79.0,,
12813003,away,555386,Ollie Watkins,F,45.0,,
12813003,away,994546,Elliot Anderson,M,11.0,,
12813003,away,991011,Jude Bellingham,M,11.0,1.0,
12813003,away,885908,Reece James,D,16.0,,
12813003,away,826134,Trevoh Chalobah,D,1.0,,
12813003,away,980643,James Trafford,G,,,
12813003,away,138530,Jordan Pickford,G,,,
12813003,away,99090,Dan Burn,D,,,
12813003,away,152077,John Stones,D,,,
12813003,away,1142703,Nico O'Reilly,D,,,
12813003,away,42694,Jordan Henderson,M,,,
12813003,away,914902,Anthony Gordon,F,,,
12813003,away,108579,Harry Kane,F,,,
12813003,away,966547,Noni Madueke,F,,,
12813005,home,797291,Unai Simón,G,120.0,,
12813005,home,913654,Pedro Porro,D,120.0,,
12813005,home,1402913,Pau Cubarsí,D,120.0,,
12813005,home,149734,Aymeric Laporte,D,99.0,,
12813005,home,794939,Marc Cucurella,D,120.0,,
12813005,home,827606,Rodri,M,99.0,,
12813005,home,784655,Fabián Ruiz,M,62.0,,
12813005,home,1402912,Lamine Yamal,M,120.0,,
12813005,home,789071,Dani Olmo,M,75.0,,
12813005,home,910031,Alex Baena,M,75.0,,
12813005,home,823622,Mikel Oyarzabal,F,62.0,,
12813005,home,992587,Pedri,M,58.0,,
12813005,home,855833,Ferran Torres,F,58.0,1.0,
12813005,home,1085400,Nico Williams,M,45.0,,
12813005,home,592010,Mikel Merino,M,45.0,,
12813005,home,876214,Eric García,D,21.0,,
12813005,home,966837,Martín Zubimendi,M,21.0,,
12813005,home,581310,David Raya,G,,,
12813005,home,930267,Joan García,G,,,
12813005,home,1094106,Marc Pubill,D,,,
12813005,home,353138,Marcos Llorente,D,,,
12813005,home,177177,Alejandro Grimaldo,M,,,
12813005,home,1103693,Gavi,M,,,
12813005,home,785989,Borja Iglesias,F,,,
12813005,home,1145642,Víctor Muñoz,F,,,
12813005,home,984624,Yéremy Pino,F,,,
12813005,away,158263,Emiliano Martínez,G,120.0,,
12813005,away,822933,Gonzalo Montiel,D,58.0,,
12813005,away,829932,Cristian Romero,D,70.0,,
12813005,away,859999,Lisandro Martínez,D,44.0,,
12813005,away,158243,Nicolás Tagliafico,D,120.0,,
12813005,away,249399,Rodrigo De Paul,M,70.0,,
12813005,away,974505,Enzo Fernández,M,93.0,,
12813005,away,895324,Alexis Mac Allister,M,120.0,,
12813005,away,901325,Nicolás González,M,45.0,,
12813005,away,12994,Lionel Messi,F,120.0,,
12813005,away,944656,Julián Alvarez,F,102.0,,
12813005,away,74915,Nicolás Otamendi,D,76.0,,
12813005,away,255389,Leandro Paredes,M,75.0,,
12813005,away,831799,Nahuel Molina,D,62.0,,
12813005,away,860307,Facundo Medina,D,50.0,,
12813005,away,1099352,Giuliano Simeone,M,50.0,,
12813005,away,830659,Marcos Senesi,D,18.0,,
12813005,away,128383,Gerónimo Rulli,G,,,
12813005,away,263651,Juan Musso,G,,,
12813005,away,822600,Exequiel Palacios,M,,,
12813005,away,944660,Thiago Almada,M,,,
12813005,away,1127057,Valentín Barco,M,,,
12813005,away,1171451,Nico Paz,M,,,
12813005,away,798835,Giovani Lo Celso,M,,,
12813005,away,1094179,José Manuel López,F,,,
12813005,away,823984,Lautaro Martínez,F,,,
15186858,home,843115,Diogo Costa,G,90.0,,
15186858,home,138892,João Cancelo,D,45.0,,
15186858,home,318941,Rúben Dias,D,90.0,,
15186858,home,1087359,Renato Veiga,D,90.0,,
15186858,home,989768,Nuno Mendes,D,90.0,1.0,
15186858,home,1190933,João Neves,M,76.0,,
15186858,home,902029,Vitinha,M,83.0,,
15186858,home,879349,Pedro Neto,M,45.0,,
15186858,home,288205,Bruno Fernandes,M,90.0,,
15186858,home,851671,João Félix,F,63.0,,
15186858,home,750,Cristiano Ronaldo,F,90.0,2.0,
15186858,home,252821,Nélson Semedo,D,45.0,,
15186858,home,979222,Francisco Conceição,F,45.0,,
15186858,home,830431,Francisco Trincão,M,27.0,,
15186858,home,331209,Bernardo Silva,M,14.0,,
15186858,home,851284,Rafael Leão,F,13.0,1.0,
15186858,home,252669,José Sá,G,,,
15186858,home,253809,Rui Silva,G,,,
15186858,home,983542,Tomás Araújo,D,,,
15186858,home,843200,Diogo Dalot,D,,,
15186858,home,1001196,Gonçalo Inácio,D,,,
15186858,home,945122,Matheus Nunes,D,,,
15186858,home,988351,Samú Costa,M,,,
15186858,home,280955,Rúben Neves,M,,,
15186858,home,280979,Gonçalo Guedes,M,,,
15186858,home,934510,Gonçalo Ramos,F,,,
15186858,away,1000465,Abduvokhid Nematov,G,90.0,,
15186858,away,1194333,Abdukodir Khusanov,D,90.0,,
15186858,away,954524,Abdulla Abdullaev,M,90.0,,
15186858,away,358822,Rustam Ashurmatov,D,90.0,,
15186858,away,1597255,Bekhruz Karimov,D,89.0,,
15186858,away,823992,Odiljon Khamrobekov,M,45.0,,
15186858,away,358890,Otabek Shukurov,M,89.0,,
15186858,away,1014276,Sherzod Nasrullaev,D,45.0,,
15186858,away,793857,Azizjon Ganiev,M,90.0,,
15186858,away,1118429,Abbosbek Fayzullaev,M,73.0,,
15186858,away,791355,Eldor Shomurodov,F,90.0,,
15186858,away,888187,Khozhiakbar Alizhonov,D,45.0,,
15186858,away,926479,Akmal Mozgovoy,M,45.0,,
15186858,away,333625,Igor Sergeev,F,17.0,,
15186858,away,1165681,Ruslanbek Jiyanov,M,1.0,,
15186858,away,1403410,Sherzod Esanov,M,1.0,,
15186858,away,796361,Botirali Ergashev,G,,,
15186858,away,791592,Utkir Yusupov,G,,,
15186858,away,978392,Avazbek Ulmasaliyev,D,,,
15186858,away,792386,Farrukh Sayfiev,D,,,
15186858,away,1403414,Jakhongir Urozov,D,,,
15186858,away,893000,Umarbek Eshmuradov,D,,,
15186858,away,871965,Azizbek Amanov,M,,,
15186858,away,785512,Jamshid Iskandarov,M,,,
15186858,away,358880,Dostonbek Khamdamov,M,,,
15186858,away,985882,Oston Urunov,M,,,
15186672,home,138530,Jordan Pickford,G,90.0,,
15186672,home,885908,Reece James,D,90.0,,
15186672,home,827679,Ezri Konsa,D,90.0,,
15186672,home,877994,Marc Guéhi,D,90.0,,
15186672,home,945798,Djed Spence,D,66.0,,
15186672,home,994546,Elliot Anderson,M,74.0,,
15186672,home,856714,Declan Rice,M,90.0,,
15186672,home,966547,Noni Madueke,F,83.0,,
15186672,home,991011,Jude Bellingham,M,73.0,,
15186672,home,914902,Anthony Gordon,F,65.0,,
15186672,home,108579,Harry Kane,F,90.0,,
15186672,home,934235,Bukayo Saka,F,25.0,,
15186672,home,1142703,Nico O'Reilly,D,24.0,,
15186672,home,948261,Morgan Rogers,M,17.0,,
15186672,home,864921,Eberechi Eze,M,16.0,,
15186672,home,814590,Marcus Rashford,F,14.0,,
15186672,home,980643,James Trafford,G,,,
15186672,home,788134,Dean Henderson,G,,,
15186672,home,152077,John Stones,D,,,
15186672,home,1003339,Jarell Quansah,D,,,
15186672,home,99090,Dan Burn,D,,,
15186672,home,826134,Trevoh Chalobah,D,,,
15186672,home,42694,Jordan Henderson,M,,,
15186672,home,1142175,Kobbie Mainoo,M,,,
15186672,home,290927,Ivan Toney,F,,,
15186672,home,555386,Ollie Watkins,F,,,
15186672,away,1457083,Benjamin Asare,G,90.0,,
15186672,away,1087805,Marvin Senaya,D,87.0,,
15186672,away,1218056,Jonas Adjei Adjetey,D,90.0,,
15186672,away,920514,Jerome Opoku,D,90.0,,
15186672,away,844942,Gideon Mensah,D,90.0,,
15186672,away,316148,Thomas Partey,M,90.0,,
15186672,away,783374,Iñaki Williams,M,66.0,,
15186672,away,1986794,Caleb Yirenkyi,M,90.0,,
15186672,away,905639,Kwasi Sibo,M,90.0,,
15186672,away,934354,Antoine Semenyo,M,90.0,,
15186672,away,103045,Jordan Ayew,F,67.0,,
15186672,away,1103589,Abdul Fatawu Issahaku,M,24.0,,
15186672,away,1472288,Prince Kwabena Adu,F,22.0,,
15186672,away,1473092,Kojo Peprah Oppong,D,10.0,,
15186672,away,239632,Rahman Baba,D,1.0,,
15186672,away,791092,Lawrence Ati Zigi,G,,,
15186672,away,970370,Joseph Anang,G,,,
15186672,away,363782,Derrick Luckassen,D,,,
15186672,away,1049515,Alidu Seidu,D,,,
15186672,away,846147,Abdul Mumin,D,,,
15186672,away,1477662,Christopher Baah,M,,,
15186672,away,904424,Elisha Owusu,M,,,
15186672,away,846061,Brandon Thomas-Asante,F,,,
15186672,away,1138352,Augustine Boakye,F,,,
15186672,away,1019442,Kamaldeen Sulemana,F,,,
15186672,away,1202024,Ernest Nuamah,F,,,
15186520,home,886041,Orlando Mosquera,G,90.0,,
15186520,home,839493,Amir Murillo,D,90.0,,
15186520,home,1006509,Jiovany Ramos,D,77.0,,
15186520,home,1105688,José Córdoba,D,90.0,,
15186520,home,841802,Andrés Andrade,D,90.0,,
15186520,home,841793,César Blackman,D,89.0,,
15186520,home,841006,Cristian Martínez,M,90.0,,
15186520,home,985131,Carlos Harvey,M,90.0,,
15186520,home,833352,Yoel Bárcenas,M,89.0,,
15186520,home,842253,José Luis Rodríguez,M,90.0,,
15186520,home,936184,José Fajardo,F,83.0,,
15186520,home,159931,Cecilio Waterman,F,13.0,,
15186520,home,1217929,Azarias Londoño,M,13.0,,
15186520,home,159935,Éric Davis,D,1.0,,
15186520,home,985161,Tomás Rodríguez,F,1.0,,
15186520,home,144800,Luis Mejía,G,,,
15186520,home,1172599,César Samudio,G,,,
15186520,home,796326,Fidel Escobar,D,,,
15186520,home,1217937,Edgardo Fariña,D,,,
15186520,home,159939,Roderick Miller,D,,,
15186520,home,928021,Jorge Gutiérrez,D,,,
15186520,home,796330,Adalberto Carrasquilla,M,,,
15186520,home,796328,Ismael Díaz,M,,,
15186520,home,83951,Alberto Quintero,M,,,
15186520,home,156102,Aníbal Godoy,M,,,
15186520,home,1021117,César Yanis,M,,,
15186520,away,190419,Dominik Livaković,G,90.0,,
15186520,away,927407,Josip Stanišić,D,90.0,,
15186520,away,954836,Josip Šutalo,D,90.0,,
15186520,away,847467,Marin Pongračić,D,90.0,,
15186520,away,964994,Joško Gvardiol,D,45.0,,
15186520,away,15466,Luka Modrić,M,81.0,,
15186520,away,136710,Mateo Kovačić,M,72.0,,
15186520,away,1066802,Marco Pašalić,M,72.0,,
15186520,away,1090019,Martin Baturina,M,90.0,,
15186520,away,38710,Ivan Perišić,M,90.0,,
15186520,away,827668,Petar Musa,F,45.0,,
15186520,away,67647,Andrej Kramarić,F,45.0,,
15186520,away,37318,Ante Budimir,F,45.0,1.0,
15186520,away,1091303,Petar Sučić,M,18.0,,
15186520,away,949156,Luka Sučić,M,18.0,,
15186520,away,190437,Mario Pašalić,M,9.0,,
15186520,away,943212,Ivor Pandur,G,,,
15186520,away,835678,Dominik Kotarski,G,,,
15186520,away,257091,Duje Ćaleta-Car,D,,,
15186520,away,1405212,Luka Vušković,D,,,
15186520,away,789234,Martin Erlić,D,,,
15186520,away,796206,Kristijan Jakić,M,,,
15186520,away,814882,Nikola Moro,M,,,
15186520,away,357596,Nikola Vlašić,M,,,
15186520,away,916183,Toni Fruk,M,,,
15186520,away,1019321,Igor Matanović,F,,,
15186713,home,125787,Camilo Vargas,G,90.0,,
15186713,home,870360,Daniel Muñoz,M,90.0,1.0,
15186713,home,566102,Davinson Sánchez,D,90.0,,
15186713,home,818481,Jhon Lucumí,D,90.0,,
15186713,home,344847,Johan Mojica,D,90.0,,
15186713,home,1174889,Gustavo Puerta,M,90.0,,
15186713,home,355796,Jefferson Lerma,M,90.0,,
15186713,home,844096,Jhon Arias,M,77.0,,
15186713,home,107414,James Rodríguez,M,58.0,,
15186713,home,914213,Luis Javier Suárez,F,58.0,,
15186713,home,883537,Luis Díaz,M,90.0,,
15186713,home,221162,Juan Fernando Quintero,M,32.0,,
15186713,home,281253,Jhon Córdoba,F,32.0,,
15186713,home,1015292,Richard Ríos,M,13.0,,
15186713,home,926238,Álvaro Montero,G,,,
15186713,home,33596,David Ospina,G,,,
15186713,home,360396,Yerry Mina,D,,,
15186713,home,931705,Willer Ditta,D,,,
15186713,home,822110,Deiver Machado,D,,,
15186713,home,158583,Santiago Arias,D,,,
15186713,home,877299,Jaminton Campaz,M,,,
15186713,home,590392,Jorge Carrascal,M,,,
15186713,home,1160386,Andrés Gómez,M,,,
15186713,home,980580,Juan Portilla,M,,,
15186713,home,1066915,Kevin Castaño,M,,,
15186713,home,887055,Cucho Hernández,F,,,
15186713,away,599192,Lionel Mpasi Nzau,G,90.0,,
15186713,away,863653,Aaron Wan-Bissaka,D,90.0,,
15186713,away,238612,Chancel Mbemba,D,90.0,,
15186713,away,817979,Axel Tuanzebe,D,90.0,,
15186713,away,1019957,Steve Kapuadi,D,90.0,,
15186713,away,174975,Arthur Masuaku,D,72.0,,
15186713,away,1391541,Ngal'ayel Mukau,M,45.0,,
15186713,away,892624,Samuel Moutoussamy,M,82.0,,
15186713,away,917305,Edo Kayembe,M,72.0,,
15186713,away,115665,Cédric Bakambu,F,57.0,,
15186713,away,805123,Yoane Wissa,F,90.0,,
15186713,away,1171539,Noah Sadiki,M,45.0,,
15186713,away,825945,Simon Banza,F,33.0,,
15186713,away,354046,Joris Kayembe,D,18.0,,
15186713,away,758664,Charles Pickel,M,18.0,,
15186713,away,963399,Nathanaël Mbuku,M,8.0,,
15186713,away,1121943,Matthieu Epolo,G,,,
15186713,away,927616,Timothy Fayulu,G,,,
15186713,away,991200,Gedeon Kalulu,D,,,
15186713,away,352912,Dylan Batubinsika,D,,,
15186713,away,353602,Aaron Tshibola,M,,,
15186713,away,46387,Gaël Kakuta,M,,,
15186713,away,1160969,Brian Cipenga,M,,,
15186713,away,344953,Théo Bongonda,M,,,
15186713,away,862078,Meschak Elia,F,,,
15186713,away,1007556,Fiston Mayele,F,,,
15186829,home,325061,Nikola Vasilj,G,90.0,,
15186829,home,1500291,Arjan Malić,D,45.0,,
15186829,home,831488,Nikola Katić,D,63.0,,
15186829,home,843746,Stjepan Radeljić,D,90.0,,
15186829,home,142148,Sead Kolašinac,D,90.0,,
15186829,home,1136110,Esmir Bajraktarević,F,90.0,,
15186829,home,1049701,Ivan Bašić,M,90.0,,
15186829,home,283833,Ivan Šunjić,M,45.0,,
15186829,home,1425366,Kerim Alajbegović,M,82.0,1.0,
15186829,home,878081,Ermedin Demirović,F,90.0,,
15186829,home,14990,Edin Džeko,F,64.0,,
15186829,home,1102659,Benjamin Tahirović,M,45.0,,
15186829,home,1129610,Amar Memić,M,45.0,,
15186829,home,802830,Dennis Hadžikadunić,D,27.0,,
15186829,home,1149353,Ermin Mahmić,M,26.0,1.0,
15186829,home,844447,Dženis Burnić,M,8.0,,
15186829,home,885719,Martin Zlomislić,G,,,
15186829,home,1587186,Mladen Jurkas,G,,,
15186829,home,858004,Nihad Mujakić,D,,,
15186829,home,1102791,Amar Dedić,D,,,
15186829,home,795421,Amir Hadžiahmetović,M,,,
15186829,home,988893,Armin Gigović,M,,,
15186829,home,927797,Jovo Lukić,F,,,
15186829,home,1100965,Samed Baždar,F,,,
15186829,home,259803,Haris Tabaković,F,,,
15186829,away,1012458,Mahmud Abunada,G,90.0,,
15186829,away,884189,Pedro Miguel,D,90.0,,
15186829,away,233746,Boualem Khoukhi,D,90.0,,
15186829,away,1892282,Issa Laye,D,90.0,,
15186829,away,796497,Sultan Al-Brake,D,90.0,,
15186829,away,1014561,Jassem Gaber Abdulsallam,M,45.0,,
15186829,away,911427,Ahmed Fathi,M,79.0,,
15186829,away,303826,Karim Boudiaf,M,72.0,,
15186829,away,797734,Edmilson Junior,M,79.0,,
15186829,away,794541,Akram Afif,M,90.0,,
15186829,away,93953,Hassan Al Haydos,F,56.0,1.0,
15186829,away,897882,Abdelaziz Hatem,M,45.0,,
15186829,away,936542,Ahmed Al-Ganehi,M,34.0,,
15186829,away,796501,Almoez Ali,M,18.0,,
15186829,away,1083016,Mohamed Naceur Almanai,M,11.0,,
15186829,away,229278,Ahmed Alaaeldin,F,11.0,,
15186829,away,891157,Meshaal Barsham,G,,,
15186829,away,985171,Salah Zakaria,G,,,
15186829,away,243199,Lucas Mendes,D,,,
15186829,away,1148402,Al-Hashmi Al-Hussain,D,,,
15186829,away,1396639,Ayoub Al Oui,D,,,
15186829,away,1501518,Tahsin Mohammed Jamshid,F,,,
15186829,away,326185,Mohammed Muntari,F,,,
15186829,away,985156,Yusuf Abdurisag,F,,,
15186821,home,556866,Gregor Kobel,G,90.0,,
15186821,home,1127823,Luca Jaquez,D,74.0,,
15186821,home,282229,Nico Elvedi,D,90.0,,
15186821,home,383560,Manuel Akanji,D,90.0,,
15186821,home,67769,Ricardo Rodríguez,D,90.0,,
15186821,home,115516,Remo Freuler,M,90.0,,
15186821,home,117777,Granit Xhaka,M,90.0,,
15186821,home,799054,Djibril Sow,M,74.0,,
15186821,home,1518931,Johan Manzambi,M,85.0,1.0,
15186821,home,872919,Rubén Vargas,M,80.0,1.0,
15186821,home,352296,Breel Embolo,F,85.0,,
15186821,home,157377,Silvan Widmer,M,16.0,,
15186821,home,850891,Michel Aebischer,M,16.0,,
15186821,home,944327,Dan Ndoye,M,10.0,,
15186821,home,787422,Christian Fassnacht,M,12.0,,
15186821,home,352290,Cédric Itten,F,12.0,,
15186821,home,1005744,Marvin Keller,G,,,
15186821,home,149656,Yvon Mvogo,G,,,
15186821,home,814023,Eray Cömert,D,,,
15186821,home,999276,Aurèle Amenda,D,,,
15186821,home,770677,Denis Zakaria,M,,,
15186821,home,1034082,Ardon Jashari,M,,,
15186821,home,929620,Fabian Rieder,M,,,
15186821,home,865523,Noah Okafor,F,,,
15186821,home,990550,Zeki Amdouni,F,,,
15186821,away,155736,Maxime Crépeau,G,90.0,,
15186821,away,984419,Alistair Johnston,D,90.0,,
15186821,away,1413129,Luc De Fougerolles,D,90.0,,
15186821,away,801411,Derek Cornelius,D,90.0,,
15186821,away,829207,Richie Laryea,D,83.0,,
15186821,away,973290,Tajon Buchanan,M,74.0,,
15186821,away,1093229,Nathan-Dylan Saliba,M,90.0,,
15186821,away,937255,Mathieu Choinière,M,58.0,,
15186821,away,1464637,Ali Ahmed,M,58.0,,
15186821,away,935564,Jonathan David,F,90.0,,
15186821,away,790179,Cyle Larin,F,58.0,,
15186821,away,886223,Stephen Eustaquio,M,32.0,,
15186821,away,902083,Liam Millar,M,32.0,,
15186821,away,1172477,Tani Oluwaseyi,F,32.0,,
15186821,away,1119328,Promise David,F,16.0,1.0,
15186821,away,976313,Jacob Shaffelburg,F,14.0,,
15186821,away,973286,Dayne St. Clair,G,,,
15186821,away,1087790,Owen Goodman,G,,,
15186821,away,1020472,Joel Waterman,D,,,
15186821,away,1411145,Niko Sigur,D,,,
15186821,away,1469180,Moise Bombito,D,,,
15186821,away,843665,Alphonso Davies,D,,,
15186821,away,273031,Jonathan Osorio,M,,,
15186821,away,1002489,Jayden Nelson,F,,,
15186864,home,360938,Yassine Bounou,G,90.0,,
15186864,home,814594,Achraf Hakimi,D,90.0,1.0,
15186864,home,1143667,Redouane Halhal,D,90.0,,
15186864,home,1064218,Chadi Riad,D,90.0,,
15186864,home,961684,Anass Salah-Eddine,D,83.0,,
15186864,home,1128530,Neil El Aynaoui,M,83.0,,
15186864,home,359272,Sofyan Amrabat,M,90.0,,
15186864,home,835485,Brahim Díaz,M,70.0,,
15186864,home,1063767,Ismael Saibari,M,70.0,1.0,
15186864,home,1126569,Bilal El Khannouss,M,90.0,,
15186864,home,919793,Ayoub El Kaabi,F,70.0,,
15186864,home,991421,Azzedine Ounahi,M,20.0,,
15186864,home,1638338,Gessime Yassine,M,20.0,1.0,
15186864,home,953995,Soufiane Rahimi,F,20.0,1.0,
15186864,home,847030,Noussair Mazraoui,D,16.0,,
15186864,home,1605921,Samir El Mourabet,M,16.0,,
15186864,home,141967,Munir El Kajoui,G,,,
15186864,home,359280,Ahmed Reda Tagnaouti,G,,,
15186864,home,847714,Marwane Saadane,D,,,
15186864,home,1134470,Zakaria El Ouahdi,D,,,
15186864,home,825719,Issa Diop,D,,,
15186864,home,919484,Youssef Belammari,D,,,
15186864,home,1564180,Ayyoub Bouaddi,M,,,
15186864,home,1142675,Chemsdine Talbi,M,,,
15186864,home,1392829,Amine Sbai,M,,,
15186864,home,1898148,Ayoube Amaimouni Echghouyab,F,,,
15186864,away,37224,Johny Placide,G,90.0,,
15186864,away,845930,Jean-Kévin Duverne,D,80.0,,
15186864,away,839638,Ricardo Adé,D,90.0,,
15186864,away,826169,Hannes Delcroix,D,90.0,,
15186864,away,1110369,Martin Expérience,D,90.0,,
15186864,away,1035986,Josué Casimir,M,90.0,,
15186864,away,1173167,Danley Jean Jacques,M,80.0,,
15186864,away,845273,Jean-Ricner Bellegarde,M,90.0,,
15186864,away,954066,Ruben Providence,M,67.0,,
15186864,away,877980,Wilson Isidor,F,67.0,1.0,
15186864,away,1010126,Lenny Joseph,F,83.0,,
15186864,away,991451,Louicius Don Deedson,F,23.0,,
15186864,away,796023,Duckens Nazon,F,23.0,,
15186864,away,794373,Carlens Arcus,D,10.0,,
15186864,away,1187376,Dominique Simon,M,10.0,,
15186864,away,943278,Frantzdy Pierrot,F,16.0,,
15186864,away,1091596,Alexandre Pierre,G,,,
15186864,away,936558,Josué Duverger,G,,,
15186864,away,1544387,Keeto Thermoncy,D,,,
15186864,away,1126368,Garven-Michee Metusala,D,,,
15186864,away,884301,Duke Lacroix,D,,,
15186864,away,1404526,Wilguens Paugain,D,,,
15186864,away,1002387,Carl Fred Sainté,M,,,
15186864,away,1384367,Woodensky Pierre,M,,,
15186864,away,828012,Derrick Etienne,F,,,
15186864,away,826211,Yassin Fortune,F,,,
15186861,home,227946,Angus Gunn,G,90.0,,
15186861,home,1020141,Nathan Patterson,D,82.0,,
15186861,home,795696,Jack Hendry,D,90.0,,
15186861,home,358108,Scott McKenna,D,90.0,,
15186861,home,262911,Andy Robertson,D,45.0,,
15186861,home,907152,Lewis Ferguson,M,90.0,,
15186861,home,75756,Kenny McLean,M,90.0,,
15186861,home,1154861,Ben Gannon-Doak,M,82.0,,
15186861,home,879346,Scott McTominay,M,90.0,,
15186861,home,250223,John McGinn,M,89.0,,
15186861,home,237098,Lawrence Shankland,F,89.0,,
15186861,home,366592,Kieran Tierney,D,45.0,,
15186861,home,840227,Tony Ralston,D,8.0,,
15186861,home,322391,Ryan Christie,M,8.0,,
15186861,home,1489210,Findlay Curtis,M,1.0,,
15186861,home,773409,Che Adams,F,1.0,,
15186861,home,287555,Liam Kelly,G,,,
15186861,home,9370,Craig Gordon,G,,,
15186861,home,966869,Aaron Hickey,D,,,
15186861,home,95791,Grant Hanley,D,,,
15186861,home,287563,John Souttar,D,,,
15186861,home,802719,Dominic Hyam,D,,,
15186861,home,1402850,Tyler Fletcher,M,,,
15186861,home,846204,Lyndon Dykes,F,,,
15186861,home,886117,Ross Stewart,F,,,
15186861,home,839712,George Hirst,F,,,
15186861,away,243609,Alisson,G,90.0,,
15186861,away,124992,Danilo,D,90.0,,
15186861,away,155995,Marquinhos,D,90.0,,
15186861,away,869792,Gabriel Magalhães,D,90.0,,
15186861,away,243583,Douglas Santos,D,82.0,,
15186861,away,866469,Bruno Guimarães,M,90.0,,
15186861,away,122951,Casemiro,M,65.0,,
15186861,away,839981,Lucas Paquetá,M,66.0,,
15186861,away,1464966,Rayan,M,82.0,,
15186861,away,886363,Matheus Cunha,F,76.0,1.0,
15186861,away,868812,Vinícius Júnior,F,90.0,2.0,
15186861,away,243585,Fabinho,M,25.0,,
15186861,away,922573,Gabriel Martinelli,F,24.0,,
15186861,away,124712,Neymar,F,14.0,,
15186861,away,84854,Alex Sandro,D,8.0,,
15186861,away,1174937,Endrick,F,8.0,,
15186861,away,243529,Weverton,G,,,
15186861,away,254491,Ederson,G,,,
15186861,away,885197,Bremer,D,,,
15186861,away,358548,Léo Pereira,D,,,
15186861,away,888949,Roger Ibañez,D,,,
15186861,away,946888,Éderson,M,,,
15186861,away,1064039,Danilo Santos,M,,,
15186861,away,1035995,Luiz Henrique,M,,,
15186861,away,1016907,Igor Thiago,F,,,
15186744,home,539792,Ronwen Williams,G,90.0,,
15186744,home,936047,Khuliso Mudau,D,90.0,,
15186744,home,1507710,Ime Okon,D,90.0,,
15186744,home,2058228,Mbekezeli Mbokazi,D,90.0,,
15186744,home,837099,Aubrey Modiba,D,90.0,,
15186744,home,1014410,Thalente Mbatha,M,90.0,,
15186744,home,822684,Sphephelo Sithole,M,90.0,,
15186744,home,1179164,Thapelo Maseko,M,75.0,1.0,
15186744,home,1564998,Relebohile Mofokeng,M,80.0,,
15186744,home,984505,Oswin Appollis,M,62.0,,
15186744,home,1022170,Evidence Makgopa,F,90.0,,
15186744,home,1101745,Tshepang Moremi,M,28.0,,
15186744,home,991024,Iqraam Rayners,F,15.0,,
15186744,home,1049669,Jayden Adams,M,10.0,,
15186744,home,966059,Ricardo Goss,G,,,
15186744,home,903610,Sipho Chaine,G,,,
15186744,home,1085536,Bradley Cross,D,,,
15186744,home,1910804,Khulumani Ndamane,D,,,
15186744,home,902117,Nkosinathi Sibisi,D,,,
15186744,home,1415019,Olwethu Makhanya,D,,,
15186744,home,1518180,Samukelo Kabini,D,,,
15186744,home,1470073,Tholo Thabang Matuludi,D,,,
15186744,home,1210653,Kamogelo Sebelebele,M,,,
15186744,home,901907,Lyle Foster,F,,,
15186744,away,235686,Kim Seung-gyu,G,90.0,,
15186744,away,1002448,Han-Beom Lee,D,90.0,,
15186744,away,896569,Kim Min-jae,D,65.0,,
15186744,away,1103520,Gi-Hyuk Lee,D,90.0,,
15186744,away,1019333,Young-woo Seol,D,90.0,,
15186744,away,881307,Seung Ho Paik,M,45.0,,
15186744,away,889689,Hwang In-beom,M,90.0,,
15186744,away,1002355,Lee Tae-seok,M,45.0,,
15186744,away,917087,Kang-in Lee,M,90.0,,
15186744,away,786186,Hwang Hee-chan,F,45.0,,
15186744,away,1010634,Hyeon-gyu Oh,F,74.0,,
15186744,away,1019312,Jens Castrop,M,45.0,,
15186744,away,1009476,Jin-gyu Kim,M,45.0,,
15186744,away,111505,Son Heung-min,F,45.0,,
15186744,away,1026069,Jin-seob Park,M,25.0,,
15186744,away,1014281,Gue-sung Cho,F,16.0,,
15186744,away,825502,Hyeon-woo Jo,G,,,
15186744,away,940057,Song Bum-keun,G,,,
15186744,away,921263,Kim Moon-hwan,D,,,
15186744,away,976203,Kim Tae-hyeon,D,,,
15186744,away,1154613,Wi-je Cho,D,,,
15186744,away,932316,Dong-gyeong Lee,M,,,
15186744,away,537552,Jae-sung Lee,M,,,
15186744,away,1002508,Ji-sung Eom,M,,,
15186744,away,1185869,Jun-Ho Bae,M,,,
15186744,away,1103531,Yang Hyun-Jun,F,,,
15186732,home,927366,Matěj Kovář,G,90.0,,
15186732,home,151440,Tomáš Holeš,D,64.0,,
15186732,home,957615,Robin Hranáč,D,90.0,,
15186732,home,856250,Ladislav Krejčí,D,90.0,,
15186732,home,138024,Vladimír Coufal,D,90.0,,
15186732,home,952114,Lukáš Červ,M,87.0,,
15186732,home,825731,Michal Sadílek,M,90.0,,
15186732,home,891442,David Douděra,M,90.0,,
15186732,home,957604,Pavel Šulc,F,90.0,,
15186732,home,1088727,Denis Višinský,M,56.0,,
15186732,home,963801,Adam Hložek,F,64.0,,
15186732,home,846122,Lukáš Provod,F,34.0,,
15186732,home,799041,Tomáš Souček,M,23.0,,
15186732,home,280609,Patrik Schick,F,26.0,,
15186732,home,1403491,Alexandr Sojka,M,10.0,,
15186732,home,188307,Tomáš Chorý,F,10.0,,
15186732,home,280601,Jindřich Staněk,G,,,
15186732,home,963744,Lukáš Horníček,G,,,
15186732,home,1144329,Štěpán Chaloupek,D,,,
15186732,home,963084,David Zima,D,,,
15186732,home,118204,Jaroslav Zelený,D,,,
15186732,home,1931626,Hugo Sochurek,M,,,
15186732,home,109002,Vladimír Darida,M,,,
15186732,home,824139,Jan Kuchta,F,,,
15186732,home,826049,Mojmír Chytil,F,,,
15186732,away,990408,Raúl Rangel,G,78.0,,
15186732,away,832868,Jorge Sánchez,D,90.0,,
15186732,away,818406,César Montes,D,90.0,,
15186732,away,989236,Israel Reyes,D,90.0,,
15186732,away,1638685,Mateo Chávez,D,78.0,1.0,
15186732,away,1914576,Gilberto Mora,M,72.0,,
15186732,away,847151,Edson Álvarez,M,90.0,,
15186732,away,1172773,Luis Romo,D,63.0,,
15186732,away,865500,Roberto Alvarado,F,90.0,,
15186732,away,795282,Guillermo Martínez,F,63.0,,
15186732,away,843114,Julián Quiñones,F,90.0,1.0,
15186732,away,1119345,Obed Vargas,M,27.0,,
15186732,away,892141,Santiago Giménez,F,27.0,,
15186732,away,838629,Álvaro Fidalgo,M,18.0,1.0,
15186732,away,15497,Guillermo Ochoa,G,12.0,,
15186732,away,770253,Jesús Gallardo,D,12.0,,
15186732,away,840519,Carlos Acevedo,G,,,
15186732,away,889785,Johan Vásquez,D,,,
15186732,away,944068,Erik Lira,D,,,
15186732,away,850404,Orbelín Pineda,M,,,
15186732,away,757770,Luis Chávez,M,,,
15186732,away,1023088,Brian Gutiérrez,M,,,
15186732,away,815637,Alexis Vega,M,,,
15186732,away,905257,César Huerta,M,,,
15186732,away,192442,Raúl Jiménez,F,,,
15186732,away,1595162,Armando González,F,,,
15186908,home,40859,Eloy Room,G,90.0,,
15186908,home,296438,Joshua Brenet,D,89.0,,
15186908,home,884944,Jurien Gaari,D,77.0,,
15186908,home,825838,Armando Obispo,D,90.0,,
15186908,home,1177177,Deveron Fonville,D,77.0,,
15186908,home,803021,Sherel Constancio Floranus,D,90.0,,
15186908,home,825845,Tahith Chong,M,90.0,,
15186908,home,1136642,Livano Comenencia,D,61.0,,
15186908,home,74545,Leandro Bacuna,M,90.0,,
15186908,home,788971,Juninho Bacuna,M,90.0,,
15186908,home,97409,Jürgen Locadia,F,89.0,,
15186908,home,1092638,Jeremy Antonisse,M,29.0,,
15186908,home,1469336,Tyrese Noslin,M,13.0,,
15186908,home,798178,Gervane Kastaneer,F,13.0,,
15186908,home,916926,Shurandy Sambo,D,1.0,,
15186908,home,252885,Brandley Kuwas,F,1.0,,
15186908,home,1049270,Tyrick Bodak,G,,,
15186908,home,895013,Trevor Iriving Doornbusch,G,,,
15186908,home,925930,Roshon van Eijma,D,,,
15186908,home,227196,Riechedly Bazoer,D,,,
15186908,home,1004277,Ar'Jany Martha,D,,,
15186908,home,825849,Godfried Roemeratoe,M,,,
15186908,home,896215,Kevin Felida,M,,,
15186908,home,796142,Kenji Gorré,M,,,
15186908,home,1036004,Jearl Margaritha,M,,,
15186908,home,1199057,Sontje Hansen,F,,,
15186908,away,877977,Yahia Fofana,G,90.0,,
15186908,away,1002033,Guéla Doué,D,90.0,,
15186908,away,973437,Odilon Kossounou,D,90.0,,
15186908,away,1394342,Ousmane Diomande,D,90.0,,
15186908,away,858977,Christopher Operi,D,90.0,,
15186908,away,843754,Ibrahim Sangaré,M,90.0,,
15186908,away,359226,Franck Kessié,M,77.0,,
15186908,away,971037,Amad Diallo,M,45.0,,
15186908,away,593526,Nicolas Pépé,F,67.0,2.0,
15186908,away,2087085,Yan Diomande,F,67.0,,
15186908,away,1086223,Ange-Yoan Bonny,F,67.0,,
15186908,away,1888002,Christ Inao Oulaï,M,45.0,,
15186908,away,1568123,Bazoumana Touré,M,23.0,,
15186908,away,979315,Elye Wahi,F,23.0,,
15186908,away,1188191,Oumar Diakité,F,23.0,,
15186908,away,305282,Jean Michaël Seri,M,13.0,,
15186908,away,1131009,Mohamed Koné,G,,,
15186908,away,826201,Alban Lafont,G,,,
15186908,away,831781,Ghislain Konan,D,,,
15186908,away,1013842,Emmanuel Agbadou,D,,,
15186908,away,848287,Evan Ndicka,D,,,
15186908,away,978285,Wilfried Singo,D,,,
15186908,away,191188,Seko Fofana,M,,,
15186908,away,1030459,Parfait Guiagon,M,,,
15186908,away,1110842,Simon Adingra,M,,,
15186908,away,930245,Evann Guessand,F,,,
15186907,home,588618,Hernán Galíndez,G,90.0,,
15186907,home,822729,Alan Franco,M,64.0,,
15186907,home,1187275,Joel Ordóñez,D,90.0,,
15186907,home,979480,Willian Pacho,D,90.0,,
15186907,home,1002837,Piero Hincapié,D,71.0,,
15186907,home,879802,John Yeboah,F,85.0,,
15186907,home,987650,Moisés Caicedo,M,90.0,,
15186907,home,1002524,Pedro Vite,M,90.0,,
15186907,home,1116571,Nilson Angulo,M,85.0,1.0,
15186907,home,937937,Gonzalo Plata,M,90.0,1.0,
15186907,home,106456,Enner Valencia,F,64.0,,
15186907,home,881844,Ángelo Preciado,M,26.0,,
15186907,home,1431770,Kevin Rodriguez,F,26.0,,
15186907,home,805465,Pervis Estupiñán,M,19.0,,
15186907,home,881848,Félix Torres,D,13.0,,
15186907,home,804770,Jordy Caicedo,F,13.0,,
15186907,home,923237,Moisés Ramírez,G,,,
15186907,home,925484,Gonzalo Valle,G,,,
15186907,home,1106546,Yaimar Medina,D,,,
15186907,home,978518,Jackson Porozo,D,,,
15186907,home,1145126,Denil Castillo,M,,,
15186907,home,925740,Jordy Alcivar,M,,,
15186907,home,1464025,Kendry Páez,M,,,
15186907,home,1122552,Alan Minda,F,,,
15186907,home,1020197,Anthony Valencia,F,,,
15186907,home,1464642,Jeremy Arevalo,F,,,
15186907,away,8959,Manuel Neuer,G,90.0,,
15186907,away,259117,Joshua Kimmich,M,60.0,,
15186907,away,227672,Jonathan Tah,D,90.0,,
15186907,away,142622,Antonio Rüdiger,D,90.0,,
15186907,away,293519,Leroy Sané,M,90.0,1.0,
15186907,away,907463,Felix Nmecha,M,64.0,,
15186907,away,1142251,Aleksandar Pavlović,M,45.0,,
15186907,away,856076,David Raum,D,90.0,,
15186907,away,1010231,Jamal Musiala,M,90.0,,
15186907,away,1019322,Florian Wirtz,M,73.0,,
15186907,away,836705,Kai Havertz,F,60.0,,
15186907,away,901882,Angelo Stiller,M,45.0,,
15186907,away,1014286,Malick Thiaw,D,30.0,,
15186907,away,794298,Deniz Undav,F,30.0,,
15186907,away,980628,Maximilian Beier,F,26.0,,
15186907,away,48480,Pascal Groß,M,17.0,,
15186907,away,40244,Oliver Baumann,G,,,
15186907,away,584722,Alexander Nübel,G,,,
15186907,away,799046,Waldemar Anton,D,,,
15186907,away,184661,Leon Goretzka,M,,,
15186907,away,990201,Jamie Leweling,M,,,
15186907,away,327755,Nadiem Amiri,M,,,
15186907,away,1418623,Assan Ouédraogo,M,,,
15186907,away,980623,Nick Woltemade,F,,,
15186972,home,905351,Zion Suzuki,G,90.0,,
15186972,home,873221,Ayumu Seko,D,75.0,,
15186972,home,790989,Ko Itakura,D,39.0,,
15186972,home,873106,Hiroki Itō,D,90.0,,
15186972,home,905347,Yukinari Sugawara,D,90.0,,
15186972,home,871886,Ao Tanaka,M,90.0,,
15186972,home,794338,Daichi Kamada,M,90.0,,
15186972,home,905352,Keito Nakamura,M,75.0,,
15186972,home,790965,Ritsu Doan,M,67.0,,
15186972,home,832420,Daizen Maeda,F,90.0,1.0,
15186972,home,985823,Ayase Ueda,F,66.0,,
15186972,home,386958,Shogo Taniguchi,D,51.0,,
15186972,home,831860,Koki Ogawa,F,24.0,,
15186972,home,783278,Junya Ito,M,23.0,,
15186972,home,942213,Tsuyoshi Watanabe,D,15.0,,
15186972,home,34639,Yuto Nagatomo,D,15.0,,
15186972,home,831923,Keisuke Osako,G,,,
15186972,home,1100230,Tomoki Hayakawa,G,,,
15186972,home,1171902,Junnosuke Suzuki,D,,,
15186972,home,804434,Takehiro Tomiyasu,D,,,
15186972,home,1020422,Yuito Suzuki,M,,,
15186972,home,1028307,Kaishu Sano,M,,,
15186972,home,1499696,Kento Shiogai,F,,,
15186972,home,925910,Shuto Machino,F,,,
15186972,home,1391315,Keisuke Goto,F,,,
15186972,away,978728,Jacob Widell Zetterström,G,90.0,,
15186972,away,965263,Gustaf Lagerbielke,D,90.0,,
15186972,away,1157713,Isak Hien,D,37.0,,
15186972,away,834308,Gabriel Gudmundsson,D,88.0,,
15186972,away,980916,Alexander Bernhardsson,M,75.0,,
15186972,away,143334,Victor Lindelöf,D,87.0,,
15186972,away,1036269,Yasin Ayari,M,90.0,,
15186972,away,1383695,Elliot Stroud,M,75.0,,
15186972,away,979232,Anthony Elanga,F,90.0,1.0,
15186972,away,804508,Viktor Gyökeres,F,90.0,,
15186972,away,823941,Alexander Isak,F,90.0,,
15186972,away,1391251,Lucas Bergvall,M,53.0,,
15186972,away,1021272,Daniel Svensson,M,15.0,,
15186972,away,319847,Ken Sema,M,15.0,,
15186972,away,360718,Carl Starfelt,D,10.0,,
15186972,away,918517,Benjamin Nygren,F,9.0,,
15186972,away,561430,Viktor Johansson,G,,,
15186972,away,22596,Kristoffer Nordfeldt,G,,,
15186972,away,542038,Eric Smith,D,,,
15186972,away,875360,Hjalmar Ekdal,D,,,
15186972,away,227894,Jesper Karlström,M,,,
15186972,away,796987,Mattias Svanberg,M,,,
15186972,away,1022820,Taha Abdi Ali,M,,,
15186972,away,1099794,Herman Johansson,M,,,
15186972,away,1173223,Besfort Zeneli,M,,,
15186972,away,572286,Gustaf Nilsson,F,,,
15186973,home,1198374,Aymen Dahmen,G,90.0,,
15186973,home,826202,Yan Valery,D,90.0,,
15186973,home,879618,Montassar Talbi,D,90.0,,
15186973,home,591706,Ellyes Skhiri,M,90.0,,
15186973,home,1000809,Amine Ben Hmida,D,68.0,,
15186973,home,919027,Ali Abdi,D,90.0,,
15186973,home,1006147,Anis Ben Slimane,M,68.0,,
15186973,home,1113488,Ismael Gharbi,M,75.0,,
15186973,home,149479,Rani Khedira,M,67.0,,
15186973,home,1009386,Hannibal Mejbri,M,90.0,,
15186973,home,1991585,Hazem Mastouri,F,89.0,1.0,
15186973,home,1008597,Mohamed Belhadj Mahmoud,M,23.0,,
15186973,home,919225,Mortadha Ben Ouanes,M,22.0,,
15186973,home,945204,Elias Achouri,M,22.0,,
15186973,home,919198,Firas Chaouat,F,15.0,,
15186973,home,957143,Sebastian Tounekti,M,1.0,,
15186973,home,359312,Sabri Ben Hessen,G,,,
15186973,home,2018130,Abdelmouhib Chamakh,G,,,
15186973,home,845271,Dylan Bronn,D,,,
15186973,home,2018330,Raed Chikhaoui,D,,,
15186973,home,976251,Omar Rekik,D,,,
15186973,home,1606568,Khalil Ayari,M,,,
15186973,home,1872950,Rayan Elloumi,F,,,
15186973,home,1130946,Elias Saad,F,,,
15186973,away,994363,Bart Verbruggen,G,90.0,,
15186973,away,759520,Denzel Dumfries,M,90.0,,
15186973,away,962012,Jan Paul van Hecke,D,90.0,1.0,
15186973,away,151545,Virgil van Dijk,D,90.0,,
15186973,away,149663,Nathan Aké,D,90.0,,
15186973,away,904897,Ryan Gravenberch,M,90.0,,
15186973,away,795222,Frenkie de Jong,M,72.0,,
15186973,away,893549,Tijjani Reijnders,M,72.0,,
15186973,away,803039,Donyell Malen,F,72.0,,
15186973,away,910048,Brian Brobbey,F,77.0,1.0,
15186973,away,862967,Cody Gakpo,M,84.0,,
15186973,away,803033,Teun Koopmeiners,M,18.0,,
15186973,away,851596,Justin Kluivert,M,18.0,,
15186973,away,917005,Crysencio Summerville,M,18.0,,
15186973,away,138833,Memphis Depay,F,13.0,,
15186973,away,875136,Noa Lang,F,12.0,,
15186973,away,1012928,Robin Roefs,G,,,
15186973,away,171919,Mark Flekken,G,,,
15186973,away,1153079,Jorrel Hato,D,,,
15186973,away,959628,Mats Wieffer,D,,,
15186973,away,998247,Micky van de Ven,D,,,
15186973,away,856739,Lutsharel Geertruida,D,,,
15186973,away,959805,Quinten Timber,M,,,
15186973,away,845798,Guus Til,M,,,
15186973,away,100389,Marten de Roon,M,,,
15186973,away,252215,Wout Weghorst,F,,,
15186891,home,991709,Orlando Gill,G,90.0,,
15186891,home,989801,Juan Cáceres,D,90.0,,
15186891,home,805427,Gustavo Velázquez,D,90.0,,
15186891,home,220833,Gustavo Gómez,D,90.0,,
15186891,home,805137,Omar Alderete,D,84.0,,
15186891,home,1546739,Alexandro Maidana,D,45.0,,
15186891,home,1065588,Diego Gómez,M,89.0,,
15186891,home,546416,Andrés Cubas,M,90.0,,
15186891,home,1105836,Matías Galarza,M,89.0,,
15186891,home,789453,Gabriel Ávalos,F,67.0,,
15186891,home,973556,Julio Enciso,M,90.0,,
15186891,home,986233,Mauricio,M,45.0,,
15186891,home,1167312,Alex Arce,F,23.0,,
15186891,home,877452,José Canale,D,12.0,,
15186891,home,333275,Junior Alonso,D,1.0,,
15186891,home,1015261,Damián Bobadilla,M,1.0,,
15186891,home,840027,Roberto Fernández,G,,,
15186891,home,339135,Gastón Olveira,G,,,
15186891,home,339447,Fabián Balbuena,D,,,
15186891,home,883206,Braian Ojeda,M,,,
15186891,home,988656,Gustavo Caballero,M,,,
15186891,home,788936,Alejandro Romero,M,,,
15186891,home,1015733,Ramón Sosa,F,,,
15186891,home,333261,Antonio Sanabria,F,,,
15186891,home,979861,Isidro Pitta,F,,,
15186891,away,1177240,Patrick Beach,G,90.0,,
15186891,away,1155423,Alessandro Circati,D,90.0,,
15186891,away,808680,Harry Souttar,D,90.0,,
15186891,away,1646783,Lucas Herrington,D,90.0,,
15186891,away,1144138,Jordan Bos,D,90.0,,
15186891,away,847938,Aiden O'Neill,M,90.0,,
15186891,away,181581,Jackson Irvine,M,84.0,,
15186891,away,576220,Aziz Behich,D,90.0,,
15186891,away,1155625,Cristian Volpato,M,58.0,,
15186891,away,888854,Connor Metcalfe,M,90.0,,
15186891,away,1144687,Nestory Irankunda,F,84.0,,
15186891,away,788284,Ajdin Hrustić,M,32.0,,
15186891,away,1411105,Paul Okon-Engstler,M,12.0,,
15186891,away,1096517,Tete Yengi,F,12.0,,
15186891,away,134029,Mathew Ryan,G,,,
15186891,away,155925,Paul Izzo,G,,,
15186891,away,155961,Miloš Degenek,D,,,
15186891,away,303258,Jason Geria,D,,,
15186891,away,358084,Cameron Burgess,D,,,
15186891,away,991364,Kai Trewin,M,,,
15186891,away,944054,Cameron Devlin,M,,,
15186891,away,307082,Awer Mabil,M,,,
15186891,away,1118467,Nishan Velupillay,M,,,
15186891,away,1019061,Mohamed Touré,F,,,
15186887,home,754330,Uğurcan Çakır,G,90.0,,
15186887,home,893008,Zeki Çelik,D,84.0,,
15186887,home,857740,Ozan Kabak,D,90.0,,
15186887,home,178963,Abdülkerim Bardakcı,D,90.0,,
15186887,home,999396,Oğuz Aydın,M,89.0,,
15186887,home,795005,Salih Özcan,M,90.0,,
15186887,home,907461,Orkun Kökçü,M,88.0,,
15186887,home,981483,Eren Elmalı,D,90.0,,
15186887,home,1091116,Arda Güler,M,90.0,1.0,
15186887,home,1149011,Kenan Yıldız,F,84.0,,
15186887,home,904096,Barış Alper Yılmaz,M,89.0,1.0,
15186887,home,758608,Çağlar Söyüncü,D,15.0,,
15186887,home,1440948,Can Uzun,M,15.0,,
15186887,home,138152,Kaan Ayhan,D,11.0,1.0,
15186887,home,836683,Mert Müldür,D,1.0,,
15186887,home,226986,İrfan Can Kahveci,M,1.0,,
15186887,home,815890,Altay Bayındır,G,,,
15186887,home,39573,Mert Günok,G,,,
15186887,home,806968,Merih Demiral,D,,,
15186887,home,825844,Ferdi Kadıoğlu,D,,,
15186887,home,863600,Samet Akaydın,D,,,
15186887,home,135700,Hakan Çalhanoğlu,M,,,
15186887,home,857738,Yunus Akgün,M,,,
15186887,home,952600,İsmail Yüksek,M,,,
15186887,home,1407720,Deniz Gül,F,,,
15186887,home,903324,Kerem Aktürkoğlu,F,,,
15186887,away,833943,Matt Turner,G,90.0,,
15186887,away,1002920,Joe Scally,D,77.0,,
15186887,away,868843,Miles Robinson,D,90.0,,
15186887,away,922759,Mark McKenzie,D,90.0,,
15186887,away,822459,Auston Trusty,D,90.0,1.0,
15186887,away,881931,Weston McKennie,M,86.0,,
15186887,away,1014845,Sebastian Berhalter,M,90.0,1.0,
15186887,away,989056,Giovanni Reyna,M,76.0,,
15186887,away,973431,Brenden Aaronson,M,77.0,,
15186887,away,986395,Ricardo Pepi,F,90.0,,
15186887,away,855810,Timothy Weah,M,58.0,,
15186887,away,817957,Christian Pulišić,F,32.0,,
15186887,away,906021,Sergiño Dest,D,14.0,,
15186887,away,1184541,Alexander Freeman,D,13.0,,
15186887,away,790108,Alex Zendejas,M,13.0,,
15186887,away,975798,Malik Tillman,M,13.0,,
15186887,away,1024293,Chris Brady,G,,,
15186887,away,973436,Matthew Freese,G,,,
15186887,away,803174,Antonee Robinson,D,,,
15186887,away,931844,Chris Richards,D,,,
15186887,away,118179,Tim Ream,D,,,
15186887,away,1471659,Maximilian Arfsten,M,,,
15186887,away,800419,Tyler Adams,M,,,
15186887,away,934237,Folarin Balogun,F,,,
15186887,away,818391,Haji Wright,F,,,
15186771,home,580226,Mory Diaw,G,90.0,,
15186771,home,873534,Krépin Diatta,M,90.0,,
15186771,home,583896,Abdoulaye Seck,D,58.0,,
15186771,home,758168,Moussa Niakhaté,D,90.0,,
15186771,home,897291,Ismail Jakobs,D,90.0,,
15186771,home,1128532,Habib Diarra,M,57.0,1.0,
15186771,home,106337,Idrissa Gana Gueye,M,90.0,,
15186771,home,1389846,Lamine Camara,M,57.0,,
15186771,home,1590918,Ibrahim Mbaye,F,57.0,,
15186771,home,845286,Ismaïla Sarr,F,81.0,1.0,
15186771,home,217704,Sadio Mané,M,90.0,,
15186771,home,879694,Pape Gueye,M,33.0,2.0,
15186771,home,914309,Iliman Ndiaye,M,33.0,1.0,
15186771,home,1085381,Nicolas Jackson,F,33.0,,
15186771,home,913679,Pathé Ismaël Ciss,M,32.0,,
15186771,home,1493689,Assane Diao,M,9.0,,
15186771,home,845183,Yehvann Diouf,G,,,
15186771,home,1154657,Mamadou Sarr,D,,,
15186771,home,126071,Kalidou Koulibaly,D,,,
15186771,home,1120615,Antoine Mendy,D,,,
15186771,home,1471764,El Hadji Malick Diouf,D,,,
15186771,home,1002711,Pape Matar Sarr,M,,,
15186771,home,2427970,Bara Sapoko Ndiaye,M,,,
15186771,home,1102503,Ahmadou Bamba Dieng,F,,,
15186771,home,868268,Cherif Ndiaye,F,,,
15186771,away,888896,Ahmed Basil,G,45.0,,
15186771,away,851676,Frans Putros,D,90.0,,
15186771,away,362504,Rebin Sulaka,D,13.0,,
15186771,away,1631451,Akam Hashem,D,90.0,,
15186771,away,1381224,Merchas Doski,D,90.0,,
15186771,away,1014225,Zidane Iqbal,M,67.0,,
15186771,away,915325,Amir Al-Ammari,M,90.0,,
15186771,away,1101887,Ahmed Qasem,M,16.0,,
15186771,away,1066729,Ali Jasim,M,58.0,,
15186771,away,920815,Ibrahim Bayesh,M,90.0,,
15186771,away,1010010,Ali Al-Hamadi,F,58.0,,
15186771,away,1163991,Manaf Younis,D,74.0,,
15186771,away,196454,Jalal Hassan,G,45.0,,
15186771,away,1381227,Ahmed Hasan Maknazi,D,32.0,,
15186771,away,834492,Ali Yousif,F,32.0,,
15186771,away,936451,Kevin Yakob,M,23.0,,
15186771,away,884092,Fahad Talib,G,,,
15186771,away,962056,Hussein Ali,D,,,
15186771,away,1150051,Zaid Tahseen,D,,,
15186771,away,1500435,Mustafa Saadoon,D,,,
15186771,away,1106352,Youssef Amyn,M,,,
15186771,away,981574,Aimar Sher,M,,,
15186771,away,1843356,Zaid Ismail,M,,,
15186771,away,1026519,Marko Farji,M,,,
15186771,away,951859,Mohanad Ali,F,,,
15186771,away,812999,Aymen Hussein,F,,,
15186537,home,798176,Egil Selvik,G,90.0,,
15186537,home,228364,Fredrik Aursnes,M,90.0,,
15186537,home,1022374,Henrik Sælebakke Falchener,D,66.0,,
15186537,home,879746,Leo Østigård,D,90.0,,
15186537,home,795154,Fredrik André Bjørkan,D,45.0,,
15186537,home,924973,Kristian Thorstvedt,M,45.0,,
15186537,home,355174,Patrick Berg,M,90.0,,
15186537,home,1065989,Thelo Aasgaard,M,90.0,1.0,
15186537,home,1065216,Oscar Bobb,M,83.0,,
15186537,home,876599,Jørgen Strand Larsen,F,90.0,,
15186537,home,1100952,Andreas Schjelderup,M,83.0,,
15186537,home,934409,Marcus Pedersen,M,45.0,,
15186537,home,280991,Morten Thorsby,M,45.0,,
15186537,home,1026541,Sondre Langås,D,24.0,,
15186537,home,838805,Jens Petter Hauge,F,13.0,,
15186537,home,1121923,Antonio Nusa,F,13.0,,
15186537,home,22209,Ørjan Nyland,G,,,
15186537,home,1030355,Sander Tangvik,G,,,
15186537,home,576384,Kristoffer Ajer,D,,,
15186537,home,1031283,David Møller Wolfe,D,,,
15186537,home,933264,Torbjørn Heggem,D,,,
15186537,home,793167,Sander Berge,M,,,
15186537,home,547410,Martin Ødegaard,M,,,
15186537,home,800951,Julian Ryerson,M,,,
15186537,home,309078,Alexander Sørloth,F,,,
15186537,home,839956,Erling Haaland,F,,,
15186537,away,191210,Mike Maignan,G,90.0,,
15186537,away,827212,Jules Koundé,D,87.0,,
15186537,away,798583,Dayot Upamecano,D,76.0,,
15186537,away,879674,Maxence Lacroix,D,90.0,,
15186537,away,788027,Theo Hernández,D,90.0,,
15186537,away,859025,Aurélien Tchouaméni,M,90.0,,
15186537,away,974087,Manu Koné,M,90.0,,
15186537,away,818244,Ousmane Dembélé,F,65.0,3.0,
15186537,away,978838,Michael Olise,M,65.0,,
15186537,away,1154605,Désiré Doué,F,90.0,1.0,
15186537,away,826643,Kylian Mbappé,F,87.0,,
15186537,away,979128,Rayan Cherki,M,25.0,,
15186537,away,996952,Bradley Barcola,F,25.0,,
15186537,away,826215,Ibrahima Konaté,D,14.0,,
15186537,away,996958,Malo Gusto,D,9.0,,
15186537,away,848276,Jean-Philippe Mateta,F,9.0,,
15186537,away,164055,Brice Samba,G,,,
15186537,away,1387161,Robin Risser,G,,,
15186537,away,96538,Lucas Digne,D,,,
15186537,away,941168,William Saliba,D,,,
15186537,away,352370,Lucas Hernández,D,,,
15186537,away,234148,N'Golo Kanté,M,,,
15186537,away,250737,Adrien Rabiot,M,,,
15186537,away,1142672,Warren Zaïre-Emery,M,,,
15186537,away,1130939,Maghnes Akliouche,M,,,
15186537,away,791702,Marcus Thuram,F,,,
15186803,home,307436,Vozinha,G,90.0,,
15186803,home,1513625,Wagner Pina,D,89.0,,
15186803,home,147138,Pico,D,90.0,,
15186803,home,784677,Diney Borges,D,90.0,,
15186803,home,1001675,João Paulo,M,90.0,,
15186803,home,906838,Kevin Pina,M,90.0,,
15186803,home,52797,Ryan Mendes,M,71.0,,
15186803,home,921089,Deroy Duarte,M,90.0,,
15186803,home,815080,Jamiro Monteiro,M,71.0,,
15186803,home,889052,Willy Semedo,M,61.0,,
15186803,home,1155358,Dailon Rocha Livramento,F,61.0,,
15186803,home,1094395,Hélio Varela,M,29.0,,
15186803,home,209374,Nuno Da Costa,F,29.0,,
15186803,home,787429,Garry Rodrigues,M,19.0,,
15186803,home,798177,Laros Duarte,M,19.0,,
15186803,home,287833,Steven Moreira,D,1.0,,
15186803,home,892133,Márcio Rosa,G,,,
15186803,home,906020,CJ Dos Santos,G,,,
15186803,home,59609,Stopira,D,,,
15186803,home,911853,Logan Costa,D,,,
15186803,home,1048591,Kelvin Pires,D,,,
15186803,home,818064,Yannick Semedo,M,,,
15186803,home,845802,Jovane Cabral,F,,,
15186803,home,1111215,Gilson Tavares,F,,,
15186803,away,791416,Mohammed Al-Owais,G,90.0,,
15186803,away,966849,Saud Abdulhamid,M,90.0,,
15186803,away,881831,Abdulelah Al-Amri,D,90.0,,
15186803,away,881837,Hassan Tambakti,D,33.0,,
15186803,away,986400,Nawaf Boushal,D,82.0,,
15186803,away,818568,Sultan Mandash,F,66.0,,
15186803,away,867179,Abdullah Al-Khaibari,M,45.0,,
15186803,away,872607,Nasser Al-Dawsari,M,90.0,,
15186803,away,160893,Salem Al-Dawsari,M,66.0,,
15186803,away,893307,Firas Al-Buraikan,F,90.0,,
15186803,away,828524,Mohamed Kanno,M,90.0,,
15186803,away,818667,Ali Lajami,D,57.0,,
15186803,away,1106234,Musab Al Juwayr,M,45.0,,
15186803,away,1804369,Mohammed Abu Al-Shamat,M,24.0,,
15186803,away,915991,Abdullah Al-Hamdan,F,24.0,,
15186803,away,1022679,Moteb Al-Harbi,D,8.0,,
15186803,away,1014518,Nawaf Al-Aqidi,G,,,
15186803,away,818749,Ahmed Al-Kassar,G,,,
15186803,away,917035,Ali Majrashi,D,,,
15186803,away,1845169,Jehad Thakri,D,,,
15186803,away,847235,Hassan Kadesh,D,,,
15186803,away,1130539,Ayman Yahya,M,,,
15186803,away,1048372,Ziyad Aljohani,M,,,
15186803,away,826242,Ala'a Al-Hejji,M,,,
15186803,away,976538,Khalid Al-Ghannam,F,,,
15186803,away,818779,Saleh Al-Shehri,F,,,
15186841,home,28381,Fernando Muslera,G,45.0,,
15186841,home,311456,Guillermo Varela,D,90.0,,
15186841,home,924889,Sebastián Cáceres,D,90.0,,
15186841,home,805078,Mathías Olivera,D,90.0,,
15186841,home,874568,Juan Sanabria,D,70.0,,
15186841,home,846425,Manuel Ugarte,M,44.0,,
15186841,home,846413,Agustín Canobbio,M,90.0,,
15186841,home,791190,Rodrigo Bentancur,M,90.0,,
15186841,home,831808,Federico Valverde,M,57.0,,
15186841,home,929193,Maximiliano Araújo,D,90.0,,
15186841,home,924871,Darwin Núñez,F,90.0,,
15186841,home,877513,Nicolás de la Cruz,M,46.0,,
15186841,home,581060,Sergio Rochet,G,45.0,,
15186841,home,976104,Federico Viñas,F,33.0,,
15186841,home,932233,Brian Rodríguez,M,20.0,,
15186841,home,846421,Santiago Mele,G,,,
15186841,home,875295,Matías Viña,D,,,
15186841,home,846308,Santiago Bueno,D,,,
15186841,home,325355,José María Giménez,D,,,
15186841,home,925097,Ronald Araújo,D,,,
15186841,home,881110,Joaquín Piquerez,D,,,
15186841,home,973533,Emiliano Martínez,M,,,
15186841,home,333587,Giorgian de Arrascaeta,M,,,
15186841,home,989803,Facundo Pellistri,M,,,
15186841,home,155974,Rodrigo Aguirre,F,,,
15186841,home,966575,Rodrigo Zalazar,F,,,
15186841,away,797291,Unai Simón,G,90.0,,
15186841,away,353138,Marcos Llorente,D,90.0,,
15186841,away,1402913,Pau Cubarsí,D,90.0,,
15186841,away,149734,Aymeric Laporte,D,90.0,,
15186841,away,794939,Marc Cucurella,D,90.0,,
15186841,away,992587,Pedri,M,60.0,,
15186841,away,827606,Rodri,M,90.0,,
15186841,away,1402912,Lamine Yamal,M,76.0,,
15186841,away,592010,Mikel Merino,M,60.0,,
15186841,away,910031,Alex Baena,M,66.0,1.0,
15186841,away,823622,Mikel Oyarzabal,F,76.0,,
15186841,away,784655,Fabián Ruiz,M,30.0,,
15186841,away,789071,Dani Olmo,M,30.0,,
15186841,away,984624,Yéremy Pino,F,24.0,,
15186841,away,1085400,Nico Williams,M,14.0,,
15186841,away,855833,Ferran Torres,F,14.0,,
15186841,away,930267,Joan García,G,,,
15186841,away,581310,David Raya,G,,,
15186841,away,1094106,Marc Pubill,D,,,
15186841,away,876214,Eric García,D,,,
15186841,away,913654,Pedro Porro,D,,,
15186841,away,1103693,Gavi,M,,,
15186841,away,966837,Martín Zubimendi,M,,,
15186841,away,177177,Alejandro Grimaldo,M,,,
15186841,away,785989,Borja Iglesias,F,,,
15186841,away,1145642,Víctor Muñoz,F,,,
15186822,home,197904,Max Crocombe,G,90.0,,
15186822,home,155882,Tim Payne,D,64.0,,
15186822,home,1167100,Finn Surman,D,90.0,,
15186822,home,1514870,Tyler Bindon,D,90.0,,
15186822,home,905264,Liberato Cacace,M,79.0,,
15186822,home,822749,Joe Bell,M,64.0,,
15186822,home,1002620,Marko Stamenić,M,90.0,,
15186822,home,822743,Sarpreet Singh,M,45.0,,
15186822,home,333571,Ryan Thomas,M,45.0,,
15186822,home,905267,Elijah Just,M,90.0,1.0,
15186822,home,50480,Chris Wood,F,90.0,,
15186822,home,1002506,Jesse Randall,M,45.0,,
15186822,home,1122425,Benjamin Old,M,45.0,,
15186822,home,38624,Michael Boxall,D,26.0,,
15186822,home,822753,Callum McCowatt,M,26.0,,
15186822,home,867714,Francis De Vries,D,11.0,,
15186822,home,822737,Michael Woud,G,,,
15186822,home,1000379,Alex Paulsen,G,,,
15186822,home,982371,Nando Pijnaker,D,,,
15186822,home,38111,Tommy Smith,D,,,
15186822,home,959750,Callan Elliot,D,,,
15186822,home,356256,Alex Rufer,M,,,
15186822,home,1414979,Lachlan Bayliss,M,,,
15186822,home,813840,Logan Rogerson,M,,,
15186822,home,31857,Kosta Barbarouses,F,,,
15186822,home,944481,Ben Waine,F,,,
15186822,away,70988,Thibaut Courtois,G,90.0,,
15186822,away,329417,Timothy Castagne,D,90.0,,
15186822,away,248331,Brandon Mechele,D,90.0,,
15186822,away,965778,Arthur Theate,D,90.0,,
15186822,away,997152,Maxim De Cuyper,D,90.0,,
15186822,away,331737,Youri Tielemans,M,85.0,,
15186822,away,118085,Hans Vanaken,M,90.0,,
15186822,away,934386,Jérémy Doku,M,56.0,,
15186822,away,70996,Kevin De Bruyne,M,72.0,1.0,
15186822,away,135666,Leandro Trossard,F,72.0,2.0,
15186822,away,960441,Charles De Ketelaere,F,85.0,,
15186822,away,1149144,Matías Fernández-Pardo,F,34.0,,
15186822,away,923973,Amadou Onana,M,18.0,,
15186822,away,901891,Alexis Saelemaekers,M,18.0,1.0,
15186822,away,889378,Nicolas Raskin,M,11.0,,
15186822,away,78893,Romelu Lukaku,F,11.0,1.0,
15186822,away,964753,Senne Lammens,G,,,
15186822,away,1149148,Mike Penders,G,,,
15186822,away,1395881,Joaquin Seys,D,,,
15186822,away,1001828,Koni De Winter,D,,,
15186822,away,128587,Thomas Meunier,D,,,
15186822,away,1142233,Diego Moreira,M,,,
15186822,away,823631,Dodi Lukebakio,M,,,
15186822,away,35612,Axel Witsel,M,,,
15186828,home,1048378,Mostafa Shobeir,G,90.0,,
15186828,home,826545,Mohamed Hany,D,90.0,,
15186828,home,295339,Rami Rabia,D,90.0,,
15186828,home,926506,Mohamed Abdelmonem,D,14.0,,
15186828,home,880622,Ahmed Fatouh,D,90.0,,
15186828,home,918506,Mohanad Lasheen,M,90.0,,
15186828,home,1101624,Mahmoud Saber,M,45.0,1.0,
15186828,home,967032,Emam Ashour,M,45.0,,
15186828,home,159665,Mohamed Salah,M,57.0,,
15186828,home,295361,Mahmoud Trézéguet,M,90.0,,
15186828,home,1418782,Mostafa Ziko,M,76.0,,
15186828,home,333441,Yasser Ibrahim,D,76.0,,
15186828,home,1013699,Marwan Attia,M,45.0,,
15186828,home,873554,Omar Marmoush,F,45.0,,
15186828,home,547494,Zizo,M,33.0,,
15186828,home,1961596,Hamza Abdelkarim,F,14.0,,
15186828,home,871735,Mohamed El-Shenawy,G,,,
15186828,home,918547,Mahdi Soliman,G,,,
15186828,home,1980828,Mohamed Alaa,G,,,
15186828,home,577736,Karim Hafez,D,,,
15186828,home,1480544,Tarek Alaa,D,,,
15186828,home,942836,Haissem Hassan,M,,,
15186828,home,1008171,Ibrahim Adel,M,,,
15186828,home,918505,Nabil Donga,M,,,
15186828,away,791374,Alireza Beiranvand,G,90.0,,
15186828,away,786133,Ramin Rezaeian,D,90.0,1.0,
15186828,away,812952,Hossein Kanaani,D,45.0,,
15186828,away,223340,Shoja Khalilzadeh,D,90.0,,
15186828,away,932486,Ali Nemati,D,90.0,,
15186828,away,812531,Milad Mohammadi,D,90.0,,
15186828,away,548050,Saman Ghoddos,M,67.0,,
15186828,away,1171024,Mohammad Ghorbani,M,90.0,,
15186828,away,359334,Saeid Ezatolahi,M,90.0,,
15186828,away,996805,Mohammad Mohebi,F,89.0,,
15186828,away,812533,Mehdi Taremi,F,90.0,,
15186828,away,1836024,Saleh Hardani,D,45.0,,
15186828,away,993899,Shahriar Moghanlou,F,23.0,,
15186828,away,331837,Alireza Jahanbakhsh,F,8.0,,
15186828,away,932221,Payam Niazmand,G,,,
15186828,away,328769,Hossein Hosseini,G,,,
15186828,away,1196902,Ehsan Hajsafi,D,,,
15186828,away,1170977,Aria Yousefi,D,,,
15186828,away,1464876,Danial Eiri,D,,,
15186828,away,828230,Roozbeh Cheshmi,D,,,
15186828,away,812953,Mahdi Torabi,M,,,
15186828,away,1500737,Amirmohammad Razzaghinia,M,,,
15186828,away,881182,Mehdi Ghayedi,M,,,
15186828,away,791368,Ali Alipour,F,,,
15186828,away,905472,Amirhossein Hosseinzadeh,F,,,
15186828,away,812797,Dennis Eckert Ayensa,F,,,
15186624,home,190419,Dominik Livaković,G,90.0,,
15186624,home,927407,Josip Stanišić,D,90.0,,
15186624,home,954836,Josip Šutalo,D,90.0,,
15186624,home,847467,Marin Pongračić,D,90.0,,
15186624,home,38710,Ivan Perišić,M,90.0,,
15186624,home,15466,Luka Modrić,M,90.0,,
15186624,home,136710,Mateo Kovačić,M,78.0,,
15186624,home,357596,Nikola Vlašić,M,88.0,1.0,
15186624,home,1091303,Petar Sučić,M,90.0,1.0,
15186624,home,1090019,Martin Baturina,M,88.0,,
15186624,home,37318,Ante Budimir,F,66.0,,
15186624,home,1019321,Igor Matanović,F,24.0,,
15186624,home,190437,Mario Pašalić,M,12.0,,
15186624,home,964994,Joško Gvardiol,D,10.0,,
15186624,home,1066802,Marco Pašalić,M,10.0,,
15186624,home,835678,Dominik Kotarski,G,,,
15186624,home,943212,Ivor Pandur,G,,,
15186624,home,257091,Duje Ćaleta-Car,D,,,
15186624,home,1405212,Luka Vušković,D,,,
15186624,home,789234,Martin Erlić,D,,,
15186624,home,796206,Kristijan Jakić,M,,,
15186624,home,949156,Luka Sučić,M,,,
15186624,home,814882,Nikola Moro,M,,,
15186624,home,916183,Toni Fruk,M,,,
15186624,home,67647,Andrej Kramarić,F,,,
15186624,home,827668,Petar Musa,F,,,
15186624,away,1457083,Benjamin Asare,G,90.0,,
15186624,away,1087805,Marvin Senaya,D,90.0,,
15186624,away,1218056,Jonas Adjei Adjetey,D,45.0,,
15186624,away,363782,Derrick Luckassen,D,90.0,1.0,
15186624,away,844942,Gideon Mensah,D,90.0,,
15186624,away,316148,Thomas Partey,M,90.0,,
15186624,away,934354,Antoine Semenyo,M,90.0,,
15186624,away,904424,Elisha Owusu,M,45.0,,
15186624,away,905639,Kwasi Sibo,M,85.0,,
15186624,away,1019442,Kamaldeen Sulemana,F,71.0,,
15186624,away,103045,Jordan Ayew,F,71.0,,
15186624,away,1473092,Kojo Peprah Oppong,D,45.0,,
15186624,away,1103589,Abdul Fatawu Issahaku,M,45.0,,
15186624,away,846061,Brandon Thomas-Asante,F,19.0,,
15186624,away,1202024,Ernest Nuamah,F,19.0,,
15186624,away,1986794,Caleb Yirenkyi,M,13.0,,
15186624,away,791092,Lawrence Ati Zigi,G,,,
15186624,away,970370,Joseph Anang,G,,,
15186624,away,1049515,Alidu Seidu,D,,,
15186624,away,846147,Abdul Mumin,D,,,
15186624,away,239632,Rahman Baba,D,,,
15186624,away,920514,Jerome Opoku,D,,,
15186624,away,1477662,Christopher Baah,M,,,
15186624,away,783374,Iñaki Williams,M,,,
15186624,away,1138352,Augustine Boakye,F,,,
15186624,away,1472288,Prince Kwabena Adu,F,,,
15186676,home,886041,Orlando Mosquera,G,90.0,,
15186676,home,839493,Amir Murillo,D,90.0,,
15186676,home,796326,Fidel Escobar,D,90.0,,
15186676,home,1105688,José Córdoba,D,90.0,,
15186676,home,841802,Andrés Andrade,D,90.0,,
15186676,home,928021,Jorge Gutiérrez,D,88.0,,
15186676,home,841006,Cristian Martínez,M,90.0,,
15186676,home,985131,Carlos Harvey,M,88.0,,
15186676,home,833352,Yoel Bárcenas,M,71.0,,
15186676,home,842253,José Luis Rodríguez,M,71.0,,
15186676,home,985161,Tomás Rodríguez,F,45.0,,
15186676,home,936184,José Fajardo,F,45.0,,
15186676,home,796328,Ismael Díaz,M,19.0,,
15186676,home,1217929,Azarias Londoño,M,19.0,,
15186676,home,159935,Éric Davis,D,8.0,,
15186676,home,83951,Alberto Quintero,M,8.0,,
15186676,home,1172599,César Samudio,G,,,
15186676,home,144800,Luis Mejía,G,,,
15186676,home,1006509,Jiovany Ramos,D,,,
15186676,home,159939,Roderick Miller,D,,,
15186676,home,841793,César Blackman,D,,,
15186676,home,1217937,Edgardo Fariña,D,,,
15186676,home,156102,Aníbal Godoy,M,,,
15186676,home,1021117,César Yanis,M,,,
15186676,home,796330,Adalberto Carrasquilla,M,,,
15186676,home,159931,Cecilio Waterman,F,,,
15186676,away,138530,Jordan Pickford,G,90.0,,
15186676,away,1003339,Jarell Quansah,D,63.0,,
15186676,away,827679,Ezri Konsa,D,90.0,,
15186676,away,877994,Marc Guéhi,D,90.0,,
15186676,away,1142703,Nico O'Reilly,D,90.0,,
15186676,away,994546,Elliot Anderson,M,84.0,,
15186676,away,934235,Bukayo Saka,F,63.0,,
15186676,away,948261,Morgan Rogers,M,90.0,,
15186676,away,991011,Jude Bellingham,M,71.0,1.0,
15186676,away,814590,Marcus Rashford,F,90.0,,
15186676,away,108579,Harry Kane,F,84.0,1.0,
15186676,away,945798,Djed Spence,D,27.0,,
15186676,away,966547,Noni Madueke,F,27.0,,
15186676,away,864921,Eberechi Eze,M,19.0,,
15186676,away,42694,Jordan Henderson,M,12.0,,
15186676,away,555386,Ollie Watkins,F,12.0,,
15186676,away,788134,Dean Henderson,G,,,
15186676,away,980643,James Trafford,G,,,
15186676,away,152077,John Stones,D,,,
15186676,away,99090,Dan Burn,D,,,
15186676,away,826134,Trevoh Chalobah,D,,,
15186676,away,1142175,Kobbie Mainoo,M,,,
15186676,away,856714,Declan Rice,M,,,
15186676,away,290927,Ivan Toney,F,,,
15186676,away,914902,Anthony Gordon,F,,,
15186717,home,599192,Lionel Mpasi Nzau,G,90.0,,
15186717,home,863653,Aaron Wan-Bissaka,D,90.0,,
15186717,home,238612,Chancel Mbemba,D,90.0,,
15186717,home,817979,Axel Tuanzebe,D,90.0,,
15186717,home,174975,Arthur Masuaku,D,83.0,,
15186717,home,963399,Nathanaël Mbuku,M,72.0,,
15186717,home,892624,Samuel Moutoussamy,M,72.0,,
15186717,home,1171539,Noah Sadiki,M,90.0,,
15186717,home,1160969,Brian Cipenga,M,72.0,,
15186717,home,115665,Cédric Bakambu,F,51.0,,
15186717,home,805123,Yoane Wissa,F,90.0,2.0,
15186717,home,1007556,Fiston Mayele,F,39.0,1.0,
15186717,home,344953,Théo Bongonda,M,18.0,,
15186717,home,1391541,Ngal'ayel Mukau,M,18.0,,
15186717,home,862078,Meschak Elia,F,18.0,,
15186717,home,354046,Joris Kayembe,D,16.0,,
15186717,home,1121943,Matthieu Epolo,G,,,
15186717,home,927616,Timothy Fayulu,G,,,
15186717,home,352912,Dylan Batubinsika,D,,,
15186717,home,991200,Gedeon Kalulu,D,,,
15186717,home,1019957,Steve Kapuadi,D,,,
15186717,home,353602,Aaron Tshibola,M,,,
15186717,home,758664,Charles Pickel,M,,,
15186717,home,46387,Gaël Kakuta,M,,,
15186717,home,917305,Edo Kayembe,M,,,
15186717,home,825945,Simon Banza,F,,,
15186717,away,1000465,Abduvokhid Nematov,G,90.0,,
15186717,away,358822,Rustam Ashurmatov,D,90.0,,
15186717,away,1194333,Abdukodir Khusanov,D,90.0,,
15186717,away,1403414,Jakhongir Urozov,D,82.0,,
15186717,away,888187,Khozhiakbar Alizhonov,D,90.0,,
15186717,away,926479,Akmal Mozgovoy,M,82.0,,
15186717,away,358890,Otabek Shukurov,M,59.0,,
15186717,away,1014276,Sherzod Nasrullaev,D,90.0,,
15186717,away,358880,Dostonbek Khamdamov,M,59.0,,
15186717,away,1118429,Abbosbek Fayzullaev,M,73.0,,
15186717,away,791355,Eldor Shomurodov,F,90.0,1.0,
15186717,away,793857,Azizjon Ganiev,M,31.0,,
15186717,away,823992,Odiljon Khamrobekov,M,31.0,,
15186717,away,985882,Oston Urunov,M,17.0,,
15186717,away,785512,Jamshid Iskandarov,M,8.0,,
15186717,away,333625,Igor Sergeev,F,8.0,,
15186717,away,796361,Botirali Ergashev,G,,,
15186717,away,791592,Utkir Yusupov,G,,,
15186717,away,978392,Avazbek Ulmasaliyev,D,,,
15186717,away,792386,Farrukh Sayfiev,D,,,
15186717,away,893000,Umarbek Eshmuradov,D,,,
15186717,away,1597255,Bekhruz Karimov,D,,,
15186717,away,871965,Azizbek Amanov,M,,,
15186717,away,1165681,Ruslanbek Jiyanov,M,,,
15186717,away,1403410,Sherzod Esanov,M,,,
15186717,away,954524,Abdulla Abdullaev,M,,,
15186696,home,125787,Camilo Vargas,G,90.0,,
15186696,home,158583,Santiago Arias,D,87.0,,
15186696,home,566102,Davinson Sánchez,D,90.0,,
15186696,home,818481,Jhon Lucumí,D,90.0,,
15186696,home,822110,Deiver Machado,D,90.0,,
15186696,home,844096,Jhon Arias,M,76.0,,
15186696,home,355796,Jefferson Lerma,M,60.0,,
15186696,home,1174889,Gustavo Puerta,M,90.0,,
15186696,home,107414,James Rodríguez,M,76.0,,
15186696,home,281253,Jhon Córdoba,F,60.0,,
15186696,home,883537,Luis Díaz,M,90.0,,
15186696,home,1015292,Richard Ríos,M,30.0,,
15186696,home,914213,Luis Javier Suárez,F,30.0,,
15186696,home,221162,Juan Fernando Quintero,M,14.0,,
15186696,home,1066915,Kevin Castaño,M,14.0,,
15186696,home,870360,Daniel Muñoz,M,9.0,,
15186696,home,33596,David Ospina,G,,,
15186696,home,926238,Álvaro Montero,G,,,
15186696,home,344847,Johan Mojica,D,,,
15186696,home,931705,Willer Ditta,D,,,
15186696,home,360396,Yerry Mina,D,,,
15186696,home,1160386,Andrés Gómez,M,,,
15186696,home,877299,Jaminton Campaz,M,,,
15186696,home,590392,Jorge Carrascal,M,,,
15186696,home,980580,Juan Portilla,M,,,
15186696,home,887055,Cucho Hernández,F,,,
15186696,away,843115,Diogo Costa,G,90.0,,
15186696,away,138892,João Cancelo,D,45.0,,
15186696,away,318941,Rúben Dias,D,90.0,,
15186696,away,1087359,Renato Veiga,D,90.0,,
15186696,away,989768,Nuno Mendes,D,89.0,,
15186696,away,280955,Rúben Neves,M,45.0,,
15186696,away,902029,Vitinha,M,70.0,,
15186696,away,879349,Pedro Neto,M,90.0,,
15186696,away,288205,Bruno Fernandes,M,90.0,,
15186696,away,851671,João Félix,F,70.0,,
15186696,away,750,Cristiano Ronaldo,F,90.0,,
15186696,away,843200,Diogo Dalot,D,45.0,,
15186696,away,1190933,João Neves,M,45.0,,
15186696,away,988351,Samú Costa,M,20.0,,
15186696,away,851284,Rafael Leão,F,20.0,,
15186696,away,945122,Matheus Nunes,D,1.0,,
15186696,away,252669,José Sá,G,,,
15186696,away,253809,Rui Silva,G,,,
15186696,away,1001196,Gonçalo Inácio,D,,,
15186696,away,252821,Nélson Semedo,D,,,
15186696,away,983542,Tomás Araújo,D,,,
15186696,away,331209,Bernardo Silva,M,,,
15186696,away,830431,Francisco Trincão,M,,,
15186696,away,280979,Gonçalo Guedes,M,,,
15186696,away,979222,Francisco Conceição,F,,,
15186696,away,934510,Gonçalo Ramos,F,,,
15186747,home,1007589,Oussama Benbot,G,90.0,,
15186747,home,1103488,Rafik Belghali,M,71.0,1.0,
15186747,home,122810,Aïssa Mandi,D,90.0,,
15186747,home,577726,Ramy Bensebaini,D,90.0,,
15186747,home,1049534,Jaouen Hadjam,D,71.0,,
15186747,home,1192318,Farès Chaïbi,M,90.0,,
15186747,home,368120,Nabil Bentaleb,M,90.0,,
15186747,home,158213,Riyad Mahrez,M,90.0,2.0,
15186747,home,1407524,Ibrahim Maza,F,90.0,,
15186747,home,846081,Houssem Aouar,M,89.0,,
15186747,home,859026,Amine Gouiri,F,71.0,,
15186747,home,1018822,Zineddine Belaid,D,19.0,,
15186747,home,931278,Rayan Aït-Nouri,D,19.0,,
15186747,home,981168,Samir Chergui,D,19.0,,
15186747,home,1445228,Farès Ghedjemis,F,1.0,,
15186747,home,1118193,Melvin Mastil,G,,,
15186747,home,802133,Luca Zidane,G,,,
15186747,home,1503088,Achref Abada,D,,,
15186747,home,1018018,Mohamed Tougai,D,,,
15186747,home,1094538,Yassine Titraoui,M,,,
15186747,home,1218066,Anis Hadj Moussa,M,,,
15186747,home,989882,Ramiz Zerrouki,M,,,
15186747,home,985923,Hicham Boudaoui,M,,,
15186747,home,1094482,Adil Boulbina,M,,,
15186747,home,1177807,Ahmed Nadhir Benbouali,F,,,
15186747,away,282073,Alexander Schlager,G,90.0,,
15186747,away,355486,Stefan Posch,D,90.0,,
15186747,away,576266,Philipp Lienhart,D,90.0,,
15186747,away,66492,David Alaba,D,62.0,,
15186747,away,138126,Phillipp Mwene,M,89.0,,
15186747,away,976575,Nicolas Seiwald,M,90.0,,
15186747,away,791079,Xaver Schlager,M,45.0,,
15186747,away,355492,Konrad Laimer,D,90.0,,
15186747,away,830127,Romano Schmid,M,45.0,,
15186747,away,133908,Marcel Sabitzer,M,90.0,1.0,
15186747,away,21927,Marko Arnautović,F,45.0,1.0,
15186747,away,186719,Florian Grillitsch,M,45.0,,
15186747,away,1146018,Paul Wanner,M,45.0,,
15186747,away,111483,Michael Gregoritsch,F,45.0,,
15186747,away,794953,Kevin Danso,D,28.0,,
15186747,away,870038,Saša Kalajdžić,F,2.0,1.0,
15186747,away,869476,Florian Wiegele,G,,,
15186747,away,788319,Patrick Pentz,G,,,
15186747,away,988672,David Affengruber,D,,,
15186747,away,825771,Marco Friedl,D,,,
15186747,away,888340,Michael Svoboda,D,,,
15186747,away,994556,Carney Chukwuemeka,M,,,
15186747,away,869883,Dejan Ljubičić,M,,,
15186747,away,978062,Alexander Prass,M,,,
15186747,away,147776,Alessandro Schöpf,M,,,
15186747,away,987504,Patrick Wimmer,M,,,
15186734,home,828294,Yazeed Abu Laila,G,90.0,,
15186734,home,1114497,Abdallah Nasib,D,90.0,,
15186734,home,888906,Yazan Al-Arab,D,90.0,,
15186734,home,1122369,Husam Ali Mohammad Abudahab,D,89.0,,
15186734,home,812997,Ehsan Haddad,M,90.0,,
15186734,home,1014324,Nizar Al-Rashdan,M,76.0,,
15186734,home,927845,Noor Al-Rawabdeh,M,90.0,,
15186734,home,1114775,Mohannad Abu Taha,M,90.0,,
15186734,home,1457997,Ali Al Azaizeh,M,45.0,,
15186734,home,980728,Ali Olwan,F,89.0,,
15186734,home,1937497,Odeh Fakhoury,F,45.0,,
15186734,home,812557,Mahmoud Al-Mardi,M,45.0,,
15186734,home,876600,Mousa Tamari,F,45.0,1.0,
15186734,home,1019495,Amer Jamous,M,14.0,,
15186734,home,980664,Saleem Obaid,D,1.0,,
15186734,home,986341,Mohammad Abu Zrayq,M,1.0,,
15186734,home,974747,Abdallah Al-Fakhouri,G,,,
15186734,home,954107,Noureddin Zaid,G,,,
15186734,home,2239188,Anas Badawi,D,,,
15186734,home,1158813,Mo Abualnadi,D,,,
15186734,home,2048339,Mohammad Abu Ghoush,D,,,
15186734,home,1139989,Mohammad Ali Hasheesh,D,,,
15186734,home,920476,Saad Al Rousan,D,,,
15186734,home,997817,Ibrahim Sadeh,M,,,
15186734,home,786034,Mohammad Al Daoud,M,,,
15186734,home,786030,Rajaei Ayed,M,,,
15186734,away,158263,Emiliano Martínez,G,90.0,,
15186734,away,822600,Exequiel Palacios,M,90.0,,
15186734,away,74915,Nicolás Otamendi,D,90.0,,
15186734,away,830659,Marcos Senesi,D,90.0,,
15186734,away,158243,Nicolás Tagliafico,D,90.0,,
15186734,away,1099352,Giuliano Simeone,M,71.0,,
15186734,away,1171451,Nico Paz,M,61.0,,
15186734,away,255389,Leandro Paredes,M,90.0,,
15186734,away,798835,Giovani Lo Celso,M,60.0,1.0,
15186734,away,823984,Lautaro Martínez,F,60.0,1.0,
15186734,away,944656,Julián Alvarez,F,82.0,,
15186734,away,944660,Thiago Almada,M,30.0,,
15186734,away,12994,Lionel Messi,F,30.0,1.0,
15186734,away,895324,Alexis Mac Allister,M,29.0,,
15186734,away,1127057,Valentín Barco,M,19.0,,
15186734,away,1094179,José Manuel López,F,8.0,,
15186734,away,128383,Gerónimo Rulli,G,,,
15186734,away,263651,Juan Musso,G,,,
15186734,away,860307,Facundo Medina,D,,,
15186734,away,859999,Lisandro Martínez,D,,,
15186734,away,831799,Nahuel Molina,D,,,
15186734,away,822933,Gonzalo Montiel,D,,,
15186734,away,829932,Cristian Romero,D,,,
15186734,away,974505,Enzo Fernández,M,,,
15186734,away,901325,Nicolás González,M,,,
15186734,away,249399,Rodrigo De Paul,M,,,
12813000,home,539792,Ronwen Williams,G,90.0,,
12813000,home,936047,Khuliso Mudau,D,90.0,,
12813000,home,1507710,Ime Okon,D,90.0,,
12813000,home,2058228,Mbekezeli Mbokazi,D,90.0,,
12813000,home,837099,Aubrey Modiba,D,90.0,,
12813000,home,881117,Teboho Mokoena,M,90.0,,
12813000,home,822684,Sphephelo Sithole,M,90.0,,
12813000,home,1179164,Thapelo Maseko,M,86.0,,
12813000,home,1564998,Relebohile Mofokeng,M,45.0,,
12813000,home,984505,Oswin Appollis,M,90.0,,
12813000,home,1022170,Evidence Makgopa,F,86.0,,
12813000,home,1014410,Thalente Mbatha,M,45.0,,
12813000,home,1101745,Tshepang Moremi,M,11.0,,
12813000,home,991024,Iqraam Rayners,F,11.0,,
12813000,home,903610,Sipho Chaine,G,,,
12813000,home,966059,Ricardo Goss,G,,,
12813000,home,1470073,Tholo Thabang Matuludi,D,,,
12813000,home,1910804,Khulumani Ndamane,D,,,
12813000,home,1518180,Samukelo Kabini,D,,,
12813000,home,902117,Nkosinathi Sibisi,D,,,
12813000,home,1415019,Olwethu Makhanya,D,,,
12813000,home,1085536,Bradley Cross,D,,,
12813000,home,1049669,Jayden Adams,M,,,
12813000,home,1210653,Kamogelo Sebelebele,M,,,
12813000,home,901907,Lyle Foster,F,,,
12813000,away,155736,Maxime Crépeau,G,90.0,,
12813000,away,984419,Alistair Johnston,D,90.0,,
12813000,away,1469180,Moise Bombito,D,59.0,,
12813000,away,801411,Derek Cornelius,D,90.0,,
12813000,away,829207,Richie Laryea,D,90.0,,
12813000,away,973290,Tajon Buchanan,M,75.0,,
12813000,away,1093229,Nathan-Dylan Saliba,M,59.0,,
12813000,away,886223,Stephen Eustaquio,M,90.0,1.0,
12813000,away,902083,Liam Millar,M,70.0,,
12813000,away,935564,Jonathan David,F,90.0,,
12813000,away,1172477,Tani Oluwaseyi,F,70.0,,
12813000,away,1413129,Luc De Fougerolles,D,31.0,,
12813000,away,1411145,Niko Sigur,D,31.0,,
12813000,away,976313,Jacob Shaffelburg,F,20.0,,
12813000,away,1119328,Promise David,F,20.0,,
12813000,away,843665,Alphonso Davies,D,15.0,,
12813000,away,973286,Dayne St. Clair,G,,,
12813000,away,1087790,Owen Goodman,G,,,
12813000,away,845426,Alfie Jones,D,,,
12813000,away,1020472,Joel Waterman,D,,,
12813000,away,937255,Mathieu Choinière,M,,,
12813000,away,1464637,Ali Ahmed,M,,,
12813000,away,273031,Jonathan Osorio,M,,,
12813000,away,790179,Cyle Larin,F,,,
12813000,away,1002489,Jayden Nelson,F,,,
12813012,home,243609,Alisson,G,90.0,,
12813012,home,124992,Danilo,D,90.0,,
12813012,home,155995,Marquinhos,D,90.0,,
12813012,home,869792,Gabriel Magalhães,D,90.0,,
12813012,home,243583,Douglas Santos,D,90.0,,
12813012,home,866469,Bruno Guimarães,M,89.0,,
12813012,home,122951,Casemiro,M,89.0,1.0,
12813012,home,839981,Lucas Paquetá,M,45.0,,
12813012,home,1464966,Rayan,M,90.0,,
12813012,home,886363,Matheus Cunha,F,66.0,,
12813012,home,868812,Vinícius Júnior,F,90.0,,
12813012,home,1174937,Endrick,F,45.0,,
12813012,home,922573,Gabriel Martinelli,F,24.0,1.0,
12813012,home,243585,Fabinho,M,8.0,,
12813012,home,1064039,Danilo Santos,M,1.0,,
12813012,home,254491,Ederson,G,,,
12813012,home,243529,Weverton,G,,,
12813012,home,84854,Alex Sandro,D,,,
12813012,home,885197,Bremer,D,,,
12813012,home,358548,Léo Pereira,D,,,
12813012,home,888949,Roger Ibañez,D,,,
12813012,home,946888,Éderson,M,,,
12813012,home,1035995,Luiz Henrique,M,,,
12813012,home,1016907,Igor Thiago,F,,,
12813012,home,124712,Neymar,F,,,
12813012,away,905351,Zion Suzuki,G,90.0,,
12813012,away,804434,Takehiro Tomiyasu,D,90.0,,
12813012,away,386958,Shogo Taniguchi,D,90.0,,
12813012,away,873106,Hiroki Itō,D,90.0,,
12813012,away,790965,Ritsu Doan,M,66.0,,
12813012,away,1028307,Kaishu Sano,M,90.0,1.0,
12813012,away,794338,Daichi Kamada,M,78.0,,
12813012,away,905352,Keito Nakamura,M,66.0,,
12813012,away,783278,Junya Ito,M,78.0,,
12813012,away,832420,Daizen Maeda,F,89.0,,
12813012,away,985823,Ayase Ueda,F,90.0,,
12813012,away,905347,Yukinari Sugawara,D,24.0,,
12813012,away,1171902,Junnosuke Suzuki,D,24.0,,
12813012,away,871886,Ao Tanaka,M,12.0,,
12813012,away,925910,Shuto Machino,F,12.0,,
12813012,away,831860,Koki Ogawa,F,1.0,,
12813012,away,831923,Keisuke Osako,G,,,
12813012,away,1100230,Tomoki Hayakawa,G,,,
12813012,away,790989,Ko Itakura,D,,,
12813012,away,34639,Yuto Nagatomo,D,,,
12813012,away,942213,Tsuyoshi Watanabe,D,,,
12813012,away,873221,Ayumu Seko,D,,,
12813012,away,1020422,Yuito Suzuki,M,,,
12813012,away,880218,Takefusa Kubo,M,,,
12813012,away,1499696,Kento Shiogai,F,,,
12813012,away,1391315,Keisuke Goto,F,,,
15186811,home,791416,Mohammed Al-Owais,G,90.0,,
15186811,home,966849,Saud Abdulhamid,M,89.0,,
15186811,home,881831,Abdulelah Al-Amri,D,90.0,1.0,
15186811,home,881837,Hassan Tambakti,D,90.0,,
15186811,home,1022679,Moteb Al-Harbi,D,89.0,,
15186811,home,1804369,Mohammed Abu Al-Shamat,M,81.0,,
15186811,home,828524,Mohamed Kanno,M,90.0,,
15186811,home,867179,Abdullah Al-Khaibari,M,90.0,,
15186811,home,160893,Salem Al-Dawsari,M,90.0,,
15186811,home,893307,Firas Al-Buraikan,F,89.0,,
15186811,home,1106234,Musab Al Juwayr,M,63.0,,
15186811,home,872607,Nasser Al-Dawsari,M,27.0,,
15186811,home,986400,Nawaf Boushal,D,9.0,,
15186811,home,818667,Ali Lajami,D,1.0,,
15186811,home,826242,Ala'a Al-Hejji,M,1.0,,
15186811,home,915991,Abdullah Al-Hamdan,F,1.0,,
15186811,home,818749,Ahmed Al-Kassar,G,,,
15186811,home,1014518,Nawaf Al-Aqidi,G,,,
15186811,home,1845169,Jehad Thakri,D,,,
15186811,home,847235,Hassan Kadesh,D,,,
15186811,home,917035,Ali Majrashi,D,,,
15186811,home,1048372,Ziyad Aljohani,M,,,
15186811,home,1130539,Ayman Yahya,M,,,
15186811,home,818779,Saleh Al-Shehri,F,,,
15186811,home,976538,Khalid Al-Ghannam,F,,,
15186811,home,818568,Sultan Mandash,F,,,
15186811,away,28381,Fernando Muslera,G,90.0,,
15186811,away,311456,Guillermo Varela,D,90.0,,
15186811,away,924889,Sebastián Cáceres,D,90.0,,
15186811,away,805078,Mathías Olivera,D,90.0,,
15186811,away,875295,Matías Viña,D,45.0,,
15186811,away,846425,Manuel Ugarte,M,72.0,,
15186811,away,791190,Rodrigo Bentancur,M,90.0,,
15186811,away,831808,Federico Valverde,M,90.0,,
15186811,away,976104,Federico Viñas,F,89.0,,
15186811,away,929193,Maximiliano Araújo,D,81.0,1.0,
15186811,away,924871,Darwin Núñez,F,45.0,,
15186811,away,874568,Juan Sanabria,D,45.0,,
15186811,away,846413,Agustín Canobbio,M,45.0,,
15186811,away,877513,Nicolás de la Cruz,M,18.0,,
15186811,away,932233,Brian Rodríguez,M,9.0,,
15186811,away,155974,Rodrigo Aguirre,F,9.0,,
15186811,away,846421,Santiago Mele,G,,,
15186811,away,581060,Sergio Rochet,G,,,
15186811,away,325355,José María Giménez,D,,,
15186811,away,846308,Santiago Bueno,D,,,
15186811,away,881110,Joaquín Piquerez,D,,,
15186811,away,989803,Facundo Pellistri,M,,,
15186811,away,973533,Emiliano Martínez,M,,,
15186811,away,966575,Rodrigo Zalazar,F,,,
15186832,home,791374,Alireza Beiranvand,G,90.0,,
15186832,home,786133,Ramin Rezaeian,D,90.0,1.0,
15186832,home,223340,Shoja Khalilzadeh,D,90.0,,
15186832,home,932486,Ali Nemati,D,90.0,,
15186832,home,812531,Milad Mohammadi,D,90.0,,
15186832,home,996805,Mohammad Mohebi,F,90.0,1.0,
15186832,home,548050,Saman Ghoddos,M,65.0,,
15186832,home,359334,Saeid Ezatolahi,M,90.0,,
15186832,home,1170977,Aria Yousefi,D,45.0,,
15186832,home,993899,Shahriar Moghanlou,F,53.0,,
15186832,home,812533,Mehdi Taremi,F,80.0,,
15186832,home,881182,Mehdi Ghayedi,M,45.0,,
15186832,home,791368,Ali Alipour,F,37.0,,
15186832,home,1196902,Ehsan Hajsafi,D,25.0,,
15186832,home,905472,Amirhossein Hosseinzadeh,F,10.0,,
15186832,home,932221,Payam Niazmand,G,,,
15186832,home,328769,Hossein Hosseini,G,,,
15186832,home,1836024,Saleh Hardani,D,,,
15186832,home,812952,Hossein Kanaani,D,,,
15186832,home,828230,Roozbeh Cheshmi,D,,,
15186832,home,1464876,Danial Eiri,D,,,
15186832,home,812953,Mahdi Torabi,M,,,
15186832,home,1500737,Amirmohammad Razzaghinia,M,,,
15186832,home,1171024,Mohammad Ghorbani,M,,,
15186832,home,331837,Alireza Jahanbakhsh,F,,,
15186832,home,812797,Dennis Eckert Ayensa,F,,,
15186832,away,197904,Max Crocombe,G,90.0,,
15186832,away,155882,Tim Payne,D,78.0,,
15186832,away,1167100,Finn Surman,D,90.0,,
15186832,away,38624,Michael Boxall,D,90.0,,
15186832,away,905264,Liberato Cacace,M,68.0,,
15186832,away,822749,Joe Bell,M,90.0,,
15186832,away,1002620,Marko Stamenić,M,89.0,,
15186832,away,822753,Callum McCowatt,M,68.0,,
15186832,away,822743,Sarpreet Singh,M,89.0,,
15186832,away,905267,Elijah Just,M,90.0,2.0,
15186832,away,50480,Chris Wood,F,90.0,,
15186832,away,1122425,Benjamin Old,M,22.0,,
15186832,away,333571,Ryan Thomas,M,22.0,,
15186832,away,959750,Callan Elliot,D,12.0,,
15186832,away,1514870,Tyler Bindon,D,1.0,,
15186832,away,1002506,Jesse Randall,M,1.0,,
15186832,away,1000379,Alex Paulsen,G,,,
15186832,away,822737,Michael Woud,G,,,
15186832,away,38111,Tommy Smith,D,,,
15186832,away,867714,Francis De Vries,D,,,
15186832,away,982371,Nando Pijnaker,D,,,
15186832,away,1414979,Lachlan Bayliss,M,,,
15186832,away,356256,Alex Rufer,M,,,
15186832,away,944481,Ben Waine,F,,,
15186832,away,31857,Kosta Barbarouses,F,,,
15186501,home,191210,Mike Maignan,G,90.0,,
15186501,home,827212,Jules Koundé,D,90.0,,
15186501,home,798583,Dayot Upamecano,D,90.0,,
15186501,home,941168,William Saliba,D,90.0,,
15186501,home,788027,Theo Hernández,D,90.0,,
15186501,home,859025,Aurélien Tchouaméni,M,90.0,,
15186501,home,250737,Adrien Rabiot,M,90.0,,
15186501,home,978838,Michael Olise,M,90.0,,
15186501,home,818244,Ousmane Dembélé,F,80.0,,
15186501,home,1154605,Désiré Doué,F,87.0,,
15186501,home,826643,Kylian Mbappé,F,90.0,2.0,
15186501,home,996952,Bradley Barcola,F,10.0,1.0,
15186501,home,979128,Rayan Cherki,M,13.0,,
15186501,home,164055,Brice Samba,G,,,
15186501,home,1387161,Robin Risser,G,,,
15186501,home,879674,Maxence Lacroix,D,,,
15186501,home,352370,Lucas Hernández,D,,,
15186501,home,96538,Lucas Digne,D,,,
15186501,home,826215,Ibrahima Konaté,D,,,
15186501,home,996958,Malo Gusto,D,,,
15186501,home,974087,Manu Koné,M,,,
15186501,home,234148,N'Golo Kanté,M,,,
15186501,home,1142672,Warren Zaïre-Emery,M,,,
15186501,home,1130939,Maghnes Akliouche,M,,,
15186501,home,791702,Marcus Thuram,F,,,
15186501,home,848276,Jean-Philippe Mateta,F,,,
15186501,away,845074,Edouard Mendy,G,90.0,,
15186501,away,873534,Krépin Diatta,M,90.0,,
15186501,away,126071,Kalidou Koulibaly,D,90.0,,
15186501,away,758168,Moussa Niakhaté,D,90.0,,
15186501,away,1471764,El Hadji Malick Diouf,D,90.0,,
15186501,away,106337,Idrissa Gana Gueye,M,88.0,,
15186501,away,879694,Pape Gueye,M,83.0,,
15186501,away,845286,Ismaïla Sarr,F,75.0,,
15186501,away,1389846,Lamine Camara,M,76.0,,
15186501,away,217704,Sadio Mané,M,90.0,,
15186501,away,1085381,Nicolas Jackson,F,83.0,,
15186501,away,1590918,Ibrahim Mbaye,F,15.0,1.0,
15186501,away,1128532,Habib Diarra,M,14.0,,
15186501,away,914309,Iliman Ndiaye,M,17.0,,
15186501,away,1102503,Ahmadou Bamba Dieng,F,17.0,,
15186501,away,913679,Pathé Ismaël Ciss,M,12.0,,
15186501,away,845183,Yehvann Diouf,G,,,
15186501,away,580226,Mory Diaw,G,,,
15186501,away,897291,Ismail Jakobs,D,,,
15186501,away,1120615,Antoine Mendy,D,,,
15186501,away,1154657,Mamadou Sarr,D,,,
15186501,away,583896,Abdoulaye Seck,D,,,
15186501,away,1002711,Pape Matar Sarr,M,,,
15186501,away,2427970,Bara Sapoko Ndiaye,M,,,
15186501,away,1493689,Assane Diao,M,,,
15186501,away,868268,Cherif Ndiaye,F,,,
15186773,home,196454,Jalal Hassan,G,90.0,,
15186773,home,962056,Hussein Ali,D,73.0,,
15186773,home,1150051,Zaid Tahseen,D,90.0,,
15186773,home,1631451,Akam Hashem,D,90.0,,
15186773,home,1381224,Merchas Doski,D,90.0,,
15186773,home,920815,Ibrahim Bayesh,M,78.0,,
15186773,home,1843356,Zaid Ismail,M,59.0,,
15186773,home,915325,Amir Al-Ammari,M,90.0,,
15186773,home,1066729,Ali Jasim,M,73.0,,
15186773,home,812999,Aymen Hussein,F,90.0,1.0,
15186773,home,1010010,Ali Al-Hamadi,F,59.0,,
15186773,home,1026519,Marko Farji,M,31.0,,
15186773,home,1014225,Zidane Iqbal,M,31.0,,
15186773,home,1500435,Mustafa Saadoon,D,17.0,,
15186773,home,1101887,Ahmed Qasem,M,17.0,,
15186773,home,951859,Mohanad Ali,F,12.0,,
15186773,home,888896,Ahmed Basil,G,,,
15186773,home,884092,Fahad Talib,G,,,
15186773,home,362504,Rebin Sulaka,D,,,
15186773,home,851676,Frans Putros,D,,,
15186773,home,1381227,Ahmed Hasan Maknazi,D,,,
15186773,home,1163991,Manaf Younis,D,,,
15186773,home,1106352,Youssef Amyn,M,,,
15186773,home,936451,Kevin Yakob,M,,,
15186773,home,981574,Aimar Sher,M,,,
15186773,home,834492,Ali Yousif,F,,,
15186773,away,22209,Ørjan Nyland,G,90.0,,
15186773,away,800951,Julian Ryerson,M,90.0,,
15186773,away,576384,Kristoffer Ajer,D,90.0,,
15186773,away,933264,Torbjørn Heggem,D,90.0,,
15186773,away,1031283,David Møller Wolfe,D,73.0,,
15186773,away,547410,Martin Ødegaard,M,81.0,,
15186773,away,793167,Sander Berge,M,90.0,,
15186773,away,228364,Fredrik Aursnes,M,73.0,,
15186773,away,1121923,Antonio Nusa,F,73.0,,
15186773,away,309078,Alexander Sørloth,F,73.0,,
15186773,away,839956,Erling Haaland,F,90.0,2.0,
15186773,away,879746,Leo Østigård,D,17.0,1.0,
15186773,away,1100952,Andreas Schjelderup,M,17.0,,
15186773,away,1065216,Oscar Bobb,M,17.0,,
15186773,away,924973,Kristian Thorstvedt,M,17.0,,
15186773,away,355174,Patrick Berg,M,9.0,,
15186773,away,1030355,Sander Tangvik,G,,,
15186773,away,798176,Egil Selvik,G,,,
15186773,away,1022374,Henrik Sælebakke Falchener,D,,,
15186773,away,795154,Fredrik André Bjørkan,D,,,
15186773,away,1026541,Sondre Langås,D,,,
15186773,away,1065989,Thelo Aasgaard,M,,,
15186773,away,280991,Morten Thorsby,M,,,
15186773,away,934409,Marcus Pedersen,M,,,
15186773,away,876599,Jørgen Strand Larsen,F,,,
15186773,away,838805,Jens Petter Hauge,F,,,
15186854,home,158263,Emiliano Martínez,G,90.0,,
15186854,home,822933,Gonzalo Montiel,D,45.0,,
15186854,home,829932,Cristian Romero,D,80.0,,
15186854,home,859999,Lisandro Martínez,D,90.0,,
15186854,home,860307,Facundo Medina,D,90.0,,
15186854,home,249399,Rodrigo De Paul,M,90.0,,
15186854,home,895324,Alexis Mac Allister,M,90.0,,
15186854,home,974505,Enzo Fernández,M,90.0,,
15186854,home,944660,Thiago Almada,M,55.0,,
15186854,home,12994,Lionel Messi,F,80.0,3.0,
15186854,home,823984,Lautaro Martínez,F,55.0,,
15186854,home,831799,Nahuel Molina,D,45.0,,
15186854,home,901325,Nicolás González,M,35.0,,
15186854,home,944656,Julián Alvarez,F,35.0,,
15186854,home,74915,Nicolás Otamendi,D,10.0,,
15186854,home,1171451,Nico Paz,M,10.0,,
15186854,home,128383,Gerónimo Rulli,G,,,
15186854,home,263651,Juan Musso,G,,,
15186854,home,830659,Marcos Senesi,D,,,
15186854,home,158243,Nicolás Tagliafico,D,,,
15186854,home,822600,Exequiel Palacios,M,,,
15186854,home,798835,Giovani Lo Celso,M,,,
15186854,home,1099352,Giuliano Simeone,M,,,
15186854,home,255389,Leandro Paredes,M,,,
15186854,home,1127057,Valentín Barco,M,,,
15186854,home,1094179,José Manuel López,F,,,
15186854,away,802133,Luca Zidane,G,90.0,,
15186854,away,1103488,Rafik Belghali,M,90.0,,
15186854,away,122810,Aïssa Mandi,D,90.0,,
15186854,away,577726,Ramy Bensebaini,D,90.0,,
15186854,away,931278,Rayan Aït-Nouri,D,90.0,,
15186854,away,985923,Hicham Boudaoui,M,64.0,,
15186854,away,368120,Nabil Bentaleb,M,82.0,,
15186854,away,1407524,Ibrahim Maza,F,81.0,,
15186854,away,1218066,Anis Hadj Moussa,M,64.0,,
15186854,away,859026,Amine Gouiri,F,64.0,,
15186854,away,1192318,Farès Chaïbi,M,90.0,,
15186854,away,846081,Houssem Aouar,M,26.0,,
15186854,away,158213,Riyad Mahrez,M,26.0,,
15186854,away,1107591,Mohamed Amoura,F,26.0,,
15186854,away,1094482,Adil Boulbina,M,9.0,,
15186854,away,989882,Ramiz Zerrouki,M,8.0,,
15186854,away,1118193,Melvin Mastil,G,,,
15186854,away,1007589,Oussama Benbot,G,,,
15186854,away,1049534,Jaouen Hadjam,D,,,
15186854,away,1018018,Mohamed Tougai,D,,,
15186854,away,981168,Samir Chergui,D,,,
15186854,away,1018822,Zineddine Belaid,D,,,
15186854,away,1503088,Achref Abada,D,,,
15186854,away,1094538,Yassine Titraoui,M,,,
15186854,away,1445228,Farès Ghedjemis,F,,,
15186854,away,1177807,Ahmed Nadhir Benbouali,F,,,
15186751,home,282073,Alexander Schlager,G,90.0,,
15186751,home,355486,Stefan Posch,D,90.0,,
15186751,home,576266,Philipp Lienhart,D,90.0,,
15186751,home,66492,David Alaba,D,59.0,,
15186751,home,138126,Phillipp Mwene,M,59.0,,
15186751,home,976575,Nicolas Seiwald,M,90.0,,
15186751,home,791079,Xaver Schlager,M,59.0,,
15186751,home,830127,Romano Schmid,M,83.0,1.0,
15186751,home,355492,Konrad Laimer,D,90.0,,
15186751,home,133908,Marcel Sabitzer,M,90.0,,
15186751,home,870038,Saša Kalajdžić,F,45.0,,
15186751,home,21927,Marko Arnautović,F,45.0,1.0,
15186751,home,794953,Kevin Danso,D,31.0,,
15186751,home,994556,Carney Chukwuemeka,M,31.0,,
15186751,home,1146018,Paul Wanner,M,31.0,,
15186751,home,987504,Patrick Wimmer,M,21.0,,
15186751,home,869476,Florian Wiegele,G,,,
15186751,home,788319,Patrick Pentz,G,,,
15186751,home,988672,David Affengruber,D,,,
15186751,home,825771,Marco Friedl,D,,,
15186751,home,888340,Michael Svoboda,D,,,
15186751,home,978062,Alexander Prass,M,,,
15186751,home,147776,Alessandro Schöpf,M,,,
15186751,home,869883,Dejan Ljubičić,M,,,
15186751,home,186719,Florian Grillitsch,M,,,
15186751,home,111483,Michael Gregoritsch,F,,,
15186751,away,828294,Yazeed Abu Laila,G,90.0,,
15186751,away,1114497,Abdallah Nasib,D,81.0,,
15186751,away,888906,Yazan Al-Arab,D,90.0,,
15186751,away,1158813,Mo Abualnadi,D,72.0,,
15186751,away,812997,Ehsan Haddad,M,81.0,,
15186751,away,1014324,Nizar Al-Rashdan,M,90.0,,
15186751,away,927845,Noor Al-Rawabdeh,M,90.0,,
15186751,away,1114775,Mohannad Abu Taha,M,90.0,,
15186751,away,1937497,Odeh Fakhoury,F,89.0,,
15186751,away,980728,Ali Olwan,F,90.0,1.0,
15186751,away,876600,Mousa Tamari,F,88.0,,
15186751,away,980664,Saleem Obaid,D,18.0,,
15186751,away,920476,Saad Al Rousan,D,9.0,,
15186751,away,812557,Mahmoud Al-Mardi,M,9.0,,
15186751,away,786034,Mohammad Al Daoud,M,2.0,,
15186751,away,1457997,Ali Al Azaizeh,M,1.0,,
15186751,away,974747,Abdallah Al-Fakhouri,G,,,
15186751,away,954107,Noureddin Zaid,G,,,
15186751,away,1122369,Husam Ali Mohammad Abudahab,D,,,
15186751,away,2048339,Mohammad Abu Ghoush,D,,,
15186751,away,1139989,Mohammad Ali Hasheesh,D,,,
15186751,away,2239188,Anas Badawi,D,,,
15186751,away,1019495,Amer Jamous,M,,,
15186751,away,786030,Rajaei Ayed,M,,,
15186751,away,986341,Mohammad Abu Zrayq,M,,,
15186751,away,997817,Ibrahim Sadeh,M,,,
15186709,home,843115,Diogo Costa,G,90.0,,
15186709,home,138892,João Cancelo,D,90.0,,
15186709,home,983542,Tomás Araújo,D,90.0,,
15186709,home,1087359,Renato Veiga,D,90.0,,
15186709,home,989768,Nuno Mendes,D,72.0,,
15186709,home,1190933,João Neves,M,90.0,1.0,
15186709,home,902029,Vitinha,M,83.0,,
15186709,home,331209,Bernardo Silva,M,45.0,,
15186709,home,288205,Bruno Fernandes,M,90.0,,
15186709,home,879349,Pedro Neto,M,71.0,,
15186709,home,750,Cristiano Ronaldo,F,90.0,,
15186709,home,979222,Francisco Conceição,F,45.0,,
15186709,home,851284,Rafael Leão,F,19.0,,
15186709,home,252821,Nélson Semedo,D,18.0,,
15186709,home,934510,Gonçalo Ramos,F,12.0,,
15186709,home,252669,José Sá,G,,,
15186709,home,253809,Rui Silva,G,,,
15186709,home,318941,Rúben Dias,D,,,
15186709,home,843200,Diogo Dalot,D,,,
15186709,home,1001196,Gonçalo Inácio,D,,,
15186709,home,945122,Matheus Nunes,D,,,
15186709,home,988351,Samú Costa,M,,,
15186709,home,280955,Rúben Neves,M,,,
15186709,home,830431,Francisco Trincão,M,,,
15186709,home,280979,Gonçalo Guedes,M,,,
15186709,home,851671,João Félix,F,,,
15186709,away,599192,Lionel Mpasi Nzau,G,90.0,,
15186709,away,863653,Aaron Wan-Bissaka,D,85.0,,
15186709,away,238612,Chancel Mbemba,D,90.0,,
15186709,away,817979,Axel Tuanzebe,D,90.0,,
15186709,away,1019957,Steve Kapuadi,D,90.0,,
15186709,away,174975,Arthur Masuaku,D,74.0,,
15186709,away,1391541,Ngal'ayel Mukau,M,57.0,,
15186709,away,892624,Samuel Moutoussamy,M,90.0,,
15186709,away,917305,Edo Kayembe,M,74.0,,
15186709,away,805123,Yoane Wissa,F,90.0,1.0,
15186709,away,115665,Cédric Bakambu,F,85.0,,
15186709,away,1171539,Noah Sadiki,M,33.0,,
15186709,away,354046,Joris Kayembe,D,16.0,,
15186709,away,758664,Charles Pickel,M,16.0,,
15186709,away,991200,Gedeon Kalulu,D,10.0,,
15186709,away,825945,Simon Banza,F,10.0,,
15186709,away,927616,Timothy Fayulu,G,,,
15186709,away,1121943,Matthieu Epolo,G,,,
15186709,away,352912,Dylan Batubinsika,D,,,
15186709,away,963399,Nathanaël Mbuku,M,,,
15186709,away,344953,Théo Bongonda,M,,,
15186709,away,353602,Aaron Tshibola,M,,,
15186709,away,1160969,Brian Cipenga,M,,,
15186709,away,46387,Gaël Kakuta,M,,,
15186709,away,862078,Meschak Elia,F,,,
15186709,away,1007556,Fiston Mayele,F,,,
15186504,home,138530,Jordan Pickford,G,90.0,,
15186504,home,885908,Reece James,D,90.0,,
15186504,home,827679,Ezri Konsa,D,90.0,,
15186504,home,152077,John Stones,D,87.0,,
15186504,home,1142703,Nico O'Reilly,D,90.0,,
15186504,home,994546,Elliot Anderson,M,90.0,,
15186504,home,856714,Declan Rice,M,72.0,,
15186504,home,966547,Noni Madueke,F,72.0,,
15186504,home,991011,Jude Bellingham,M,80.0,1.0,
15186504,home,914902,Anthony Gordon,F,72.0,,
15186504,home,108579,Harry Kane,F,90.0,2.0,
15186504,home,948261,Morgan Rogers,M,18.0,,
15186504,home,934235,Bukayo Saka,F,18.0,,
15186504,home,814590,Marcus Rashford,F,18.0,1.0,
15186504,home,945798,Djed Spence,D,10.0,,
15186504,home,877994,Marc Guéhi,D,10.0,,
15186504,home,788134,Dean Henderson,G,,,
15186504,home,980643,James Trafford,G,,,
15186504,home,99090,Dan Burn,D,,,
15186504,home,1003339,Jarell Quansah,D,,,
15186504,home,864921,Eberechi Eze,M,,,
15186504,home,42694,Jordan Henderson,M,,,
15186504,home,1142175,Kobbie Mainoo,M,,,
15186504,home,290927,Ivan Toney,F,,,
15186504,home,555386,Ollie Watkins,F,,,
15186504,away,190419,Dominik Livaković,G,90.0,,
15186504,away,954836,Josip Šutalo,D,90.0,,
15186504,away,1405212,Luka Vušković,D,66.0,,
15186504,away,964994,Joško Gvardiol,D,90.0,,
15186504,away,927407,Josip Stanišić,D,90.0,,
15186504,away,15466,Luka Modrić,M,58.0,,
15186504,away,190437,Mario Pašalić,M,78.0,,
15186504,away,38710,Ivan Perišić,M,90.0,,
15186504,away,1091303,Petar Sučić,M,90.0,,
15186504,away,1090019,Martin Baturina,M,78.0,1.0,
15186504,away,827668,Petar Musa,F,66.0,1.0,
15186504,away,136710,Mateo Kovačić,M,32.0,,
15186504,away,1066802,Marco Pašalić,M,24.0,,
15186504,away,1019321,Igor Matanović,F,24.0,,
15186504,away,357596,Nikola Vlašić,M,12.0,,
15186504,away,67647,Andrej Kramarić,F,12.0,,
15186504,away,835678,Dominik Kotarski,G,,,
15186504,away,943212,Ivor Pandur,G,,,
15186504,away,257091,Duje Ćaleta-Car,D,,,
15186504,away,847467,Marin Pongračić,D,,,
15186504,away,789234,Martin Erlić,D,,,
15186504,away,796206,Kristijan Jakić,M,,,
15186504,away,949156,Luka Sučić,M,,,
15186504,away,814882,Nikola Moro,M,,,
15186504,away,916183,Toni Fruk,M,,,
15186504,away,37318,Ante Budimir,F,,,
15186687,home,791092,Lawrence Ati Zigi,G,45.0,,
15186687,home,1087805,Marvin Senaya,D,90.0,,
15186687,home,1218056,Jonas Adjei Adjetey,D,90.0,,
15186687,home,920514,Jerome Opoku,D,90.0,,
15186687,home,844942,Gideon Mensah,D,90.0,,
15186687,home,1986794,Caleb Yirenkyi,M,90.0,1.0,
15186687,home,904424,Elisha Owusu,M,78.0,,
15186687,home,1019442,Kamaldeen Sulemana,F,58.0,,
15186687,home,1202024,Ernest Nuamah,F,58.0,,
15186687,home,103045,Jordan Ayew,F,87.0,,
15186687,home,934354,Antoine Semenyo,M,90.0,,
15186687,home,1457083,Benjamin Asare,G,45.0,,
15186687,home,1103589,Abdul Fatawu Issahaku,M,32.0,,
15186687,home,846061,Brandon Thomas-Asante,F,32.0,,
15186687,home,905639,Kwasi Sibo,M,12.0,,
15186687,home,1472288,Prince Kwabena Adu,F,15.0,,
15186687,home,970370,Joseph Anang,G,,,
15186687,home,1049515,Alidu Seidu,D,,,
15186687,home,846147,Abdul Mumin,D,,,
15186687,home,239632,Rahman Baba,D,,,
15186687,home,1473092,Kojo Peprah Oppong,D,,,
15186687,home,363782,Derrick Luckassen,D,,,
15186687,home,1477662,Christopher Baah,M,,,
15186687,home,783374,Iñaki Williams,M,,,
15186687,home,1138352,Augustine Boakye,F,,,
15186687,away,886041,Orlando Mosquera,G,90.0,,
15186687,away,1006509,Jiovany Ramos,D,90.0,,
15186687,away,1105688,José Córdoba,D,90.0,,
15186687,away,841802,Andrés Andrade,D,90.0,,
15186687,away,839493,Amir Murillo,D,90.0,,
15186687,away,985131,Carlos Harvey,M,90.0,,
15186687,away,833352,Yoel Bárcenas,M,90.0,,
15186687,away,841793,César Blackman,D,89.0,,
15186687,away,841006,Cristian Martínez,M,63.0,,
15186687,away,159931,Cecilio Waterman,F,63.0,,
15186687,away,842253,José Luis Rodríguez,M,74.0,,
15186687,away,1217929,Azarias Londoño,M,27.0,,
15186687,away,936184,José Fajardo,F,27.0,,
15186687,away,796328,Ismael Díaz,M,16.0,,
15186687,away,156102,Aníbal Godoy,M,12.0,,
15186687,away,1172599,César Samudio,G,,,
15186687,away,144800,Luis Mejía,G,,,
15186687,away,796326,Fidel Escobar,D,,,
15186687,away,1217937,Edgardo Fariña,D,,,
15186687,away,159935,Éric Davis,D,,,
15186687,away,159939,Roderick Miller,D,,,
15186687,away,928021,Jorge Gutiérrez,D,,,
15186687,away,796330,Adalberto Carrasquilla,M,,,
15186687,away,83951,Alberto Quintero,M,,,
15186687,away,1021117,César Yanis,M,,,
15186687,away,985161,Tomás Rodríguez,F,,,
15186722,home,791592,Utkir Yusupov,G,90.0,,
15186722,home,1194333,Abdukodir Khusanov,D,90.0,,
15186722,home,954524,Abdulla Abdullaev,M,90.0,,
15186722,home,358822,Rustam Ashurmatov,D,77.0,,
15186722,home,1597255,Bekhruz Karimov,D,90.0,,
15186722,home,926479,Akmal Mozgovoy,M,90.0,,
15186722,home,358890,Otabek Shukurov,M,90.0,,
15186722,home,1014276,Sherzod Nasrullaev,D,45.0,,
15186722,home,1118429,Abbosbek Fayzullaev,M,77.0,1.0,
15186722,home,985882,Oston Urunov,M,45.0,,
15186722,home,791355,Eldor Shomurodov,F,89.0,,
15186722,home,792386,Farrukh Sayfiev,D,45.0,,
15186722,home,358880,Dostonbek Khamdamov,M,45.0,,
15186722,home,1403414,Jakhongir Urozov,D,13.0,,
15186722,home,871965,Azizbek Amanov,M,13.0,,
15186722,home,333625,Igor Sergeev,F,8.0,,
15186722,home,1000465,Abduvokhid Nematov,G,,,
15186722,home,796361,Botirali Ergashev,G,,,
15186722,home,888187,Khozhiakbar Alizhonov,D,,,
15186722,home,893000,Umarbek Eshmuradov,D,,,
15186722,home,978392,Avazbek Ulmasaliyev,D,,,
15186722,home,823992,Odiljon Khamrobekov,M,,,
15186722,home,785512,Jamshid Iskandarov,M,,,
15186722,home,1165681,Ruslanbek Jiyanov,M,,,
15186722,home,793857,Azizjon Ganiev,M,,,
15186722,home,1403410,Sherzod Esanov,M,,,
15186722,away,125787,Camilo Vargas,G,90.0,,
15186722,away,870360,Daniel Muñoz,M,90.0,1.0,
15186722,away,566102,Davinson Sánchez,D,90.0,,
15186722,away,818481,Jhon Lucumí,D,90.0,,
15186722,away,344847,Johan Mojica,D,90.0,,
15186722,away,1174889,Gustavo Puerta,M,80.0,,
15186722,away,355796,Jefferson Lerma,M,90.0,,
15186722,away,844096,Jhon Arias,M,89.0,,
15186722,away,107414,James Rodríguez,M,72.0,,
15186722,away,914213,Luis Javier Suárez,F,80.0,,
15186722,away,883537,Luis Díaz,M,89.0,1.0,
15186722,away,877299,Jaminton Campaz,M,18.0,1.0,
15186722,away,1015292,Richard Ríos,M,10.0,,
15186722,away,887055,Cucho Hernández,F,10.0,,
15186722,away,1066915,Kevin Castaño,M,8.0,,
15186722,away,1160386,Andrés Gómez,M,8.0,,
15186722,away,926238,Álvaro Montero,G,,,
15186722,away,33596,David Ospina,G,,,
15186722,away,822110,Deiver Machado,D,,,
15186722,away,158583,Santiago Arias,D,,,
15186722,away,931705,Willer Ditta,D,,,
15186722,away,360396,Yerry Mina,D,,,
15186722,away,590392,Jorge Carrascal,M,,,
15186722,away,980580,Juan Portilla,M,,,
15186722,away,221162,Juan Fernando Quintero,M,,,
15186722,away,281253,Jhon Córdoba,F,,,
15186731,home,927366,Matěj Kovář,G,90.0,,
15186731,home,151440,Tomáš Holeš,D,90.0,,
15186731,home,957615,Robin Hranáč,D,90.0,,
15186731,home,856250,Ladislav Krejčí,D,90.0,,
15186731,home,138024,Vladimír Coufal,D,90.0,,
15186731,home,109002,Vladimír Darida,M,55.0,,
15186731,home,952114,Lukáš Červ,M,78.0,,
15186731,home,825731,Michal Sadílek,M,67.0,1.0,
15186731,home,1403491,Alexandr Sojka,M,55.0,,
15186731,home,280609,Patrik Schick,F,90.0,,
15186731,home,963801,Adam Hložek,F,67.0,,
15186731,home,118204,Jaroslav Zelený,D,35.0,,
15186731,home,957604,Pavel Šulc,F,35.0,,
15186731,home,799041,Tomáš Souček,M,23.0,,
15186731,home,846122,Lukáš Provod,F,23.0,,
15186731,home,963084,David Zima,D,12.0,,
15186731,home,280601,Jindřich Staněk,G,,,
15186731,home,963744,Lukáš Horníček,G,,,
15186731,home,1144329,Štěpán Chaloupek,D,,,
15186731,home,891442,David Douděra,M,,,
15186731,home,1931626,Hugo Sochurek,M,,,
15186731,home,1088727,Denis Višinský,M,,,
15186731,home,824139,Jan Kuchta,F,,,
15186731,home,826049,Mojmír Chytil,F,,,
15186731,home,188307,Tomáš Chorý,F,,,
15186731,away,539792,Ronwen Williams,G,90.0,,
15186731,away,936047,Khuliso Mudau,D,90.0,,
15186731,away,1507710,Ime Okon,D,90.0,,
15186731,away,2058228,Mbekezeli Mbokazi,D,90.0,,
15186731,away,837099,Aubrey Modiba,D,90.0,,
15186731,away,1014410,Thalente Mbatha,M,90.0,,
15186731,away,881117,Teboho Mokoena,M,90.0,1.0,
15186731,away,1049669,Jayden Adams,M,45.0,,
15186731,away,1179164,Thapelo Maseko,M,84.0,,
15186731,away,991024,Iqraam Rayners,F,66.0,,
15186731,away,984505,Oswin Appollis,M,90.0,,
15186731,away,1564998,Relebohile Mofokeng,M,45.0,,
15186731,away,1022170,Evidence Makgopa,F,24.0,,
15186731,away,1210653,Kamogelo Sebelebele,M,14.0,,
15186731,away,903610,Sipho Chaine,G,,,
15186731,away,966059,Ricardo Goss,G,,,
15186731,away,1470073,Tholo Thabang Matuludi,D,,,
15186731,away,1910804,Khulumani Ndamane,D,,,
15186731,away,1518180,Samukelo Kabini,D,,,
15186731,away,902117,Nkosinathi Sibisi,D,,,
15186731,away,1415019,Olwethu Makhanya,D,,,
15186731,away,1085536,Bradley Cross,D,,,
15186731,away,1101745,Tshepang Moremi,M,,,
15186731,away,901907,Lyle Foster,F,,,
15186806,home,556866,Gregor Kobel,G,90.0,,
15186806,home,157377,Silvan Widmer,M,86.0,,
15186806,home,282229,Nico Elvedi,D,90.0,,
15186806,home,383560,Manuel Akanji,D,90.0,,
15186806,home,67769,Ricardo Rodríguez,D,90.0,,
15186806,home,850891,Michel Aebischer,M,71.0,,
15186806,home,117777,Granit Xhaka,M,90.0,1.0,
15186806,home,115516,Remo Freuler,M,90.0,,
15186806,home,929620,Fabian Rieder,M,71.0,,
15186806,home,352296,Breel Embolo,F,89.0,,
15186806,home,944327,Dan Ndoye,M,71.0,,
15186806,home,872919,Rubén Vargas,M,19.0,1.0,
15186806,home,1518931,Johan Manzambi,M,19.0,2.0,
15186806,home,799054,Djibril Sow,M,19.0,,
15186806,home,1127823,Luca Jaquez,D,12.0,,
15186806,home,352290,Cédric Itten,F,9.0,,
15186806,home,149656,Yvon Mvogo,G,,,
15186806,home,1005744,Marvin Keller,G,,,
15186806,home,814023,Eray Cömert,D,,,
15186806,home,999276,Aurèle Amenda,D,,,
15186806,home,787422,Christian Fassnacht,M,,,
15186806,home,770677,Denis Zakaria,M,,,
15186806,home,1034082,Ardon Jashari,M,,,
15186806,home,865523,Noah Okafor,F,,,
15186806,home,990550,Zeki Amdouni,F,,,
15186806,away,325061,Nikola Vasilj,G,90.0,,
15186806,away,1102791,Amar Dedić,D,90.0,,
15186806,away,831488,Nikola Katić,D,90.0,,
15186806,away,1118177,Tarik Muharemović,D,80.0,,
15186806,away,142148,Sead Kolašinac,D,90.0,,
15186806,away,1129610,Amar Memić,M,90.0,,
15186806,away,1102659,Benjamin Tahirović,M,63.0,,
15186806,away,283833,Ivan Šunjić,M,86.0,,
15186806,away,1425366,Kerim Alajbegović,M,89.0,,
15186806,away,878081,Ermedin Demirović,F,86.0,,
15186806,away,14990,Edin Džeko,F,64.0,,
15186806,away,1049701,Ivan Bašić,M,27.0,,
15186806,away,1136110,Esmir Bajraktarević,F,26.0,,
15186806,away,795421,Amir Hadžiahmetović,M,12.0,,
15186806,away,927797,Jovo Lukić,F,12.0,,
15186806,away,1149353,Ermin Mahmić,M,7.0,1.0,
15186806,away,885719,Martin Zlomislić,G,,,
15186806,away,1587186,Mladen Jurkas,G,,,
15186806,away,1500291,Arjan Malić,D,,,
15186806,away,802830,Dennis Hadžikadunić,D,,,
15186806,away,858004,Nihad Mujakić,D,,,
15186806,away,843746,Stjepan Radeljić,D,,,
15186806,away,844447,Dženis Burnić,M,,,
15186806,away,988893,Armin Gigović,M,,,
15186806,away,259803,Haris Tabaković,F,,,
15186806,away,1100965,Samed Baždar,F,,,
15186798,home,155736,Maxime Crépeau,G,90.0,,
15186798,home,984419,Alistair Johnston,D,90.0,,
15186798,home,1413129,Luc De Fougerolles,D,71.0,,
15186798,home,801411,Derek Cornelius,D,45.0,,
15186798,home,829207,Richie Laryea,D,90.0,,
15186798,home,973290,Tajon Buchanan,M,83.0,,
15186798,home,1134351,Ismael Koné,M,57.0,,
15186798,home,886223,Stephen Eustaquio,M,90.0,,
15186798,home,1464637,Ali Ahmed,M,71.0,,
15186798,home,935564,Jonathan David,F,90.0,3.0,
15186798,home,790179,Cyle Larin,F,90.0,1.0,
15186798,home,1469180,Moise Bombito,D,45.0,,
15186798,home,1093229,Nathan-Dylan Saliba,M,33.0,1.0,
15186798,home,976313,Jacob Shaffelburg,F,19.0,,
15186798,home,1172477,Tani Oluwaseyi,F,19.0,,
15186798,home,1411145,Niko Sigur,D,17.0,,
15186798,home,973286,Dayne St. Clair,G,,,
15186798,home,1087790,Owen Goodman,G,,,
15186798,home,1020472,Joel Waterman,D,,,
15186798,home,843665,Alphonso Davies,D,,,
15186798,home,937255,Mathieu Choinière,M,,,
15186798,home,902083,Liam Millar,M,,,
15186798,home,273031,Jonathan Osorio,M,,,
15186798,home,1119328,Promise David,F,,,
15186798,home,1002489,Jayden Nelson,F,,,
15186798,away,1012458,Mahmud Abunada,G,90.0,,
15186798,away,1396639,Ayoub Al Oui,D,90.0,,
15186798,away,884189,Pedro Miguel,D,90.0,,
15186798,away,233746,Boualem Khoukhi,D,90.0,,
15186798,away,933433,Homam Al-Amin,D,33.0,,
15186798,away,1014561,Jassem Gaber Abdulsallam,M,45.0,,
15186798,away,796500,Assim Madibo,M,53.0,,
15186798,away,1892282,Issa Laye,D,90.0,,
15186798,away,797734,Edmilson Junior,M,45.0,,
15186798,away,985156,Yusuf Abdurisag,F,40.0,,
15186798,away,794541,Akram Afif,M,59.0,,
15186798,away,796497,Sultan Al-Brake,D,50.0,,
15186798,away,911427,Ahmed Fathi,M,42.0,,
15186798,away,1083016,Mohamed Naceur Almanai,M,45.0,,
15186798,away,1148402,Al-Hashmi Al-Hussain,D,31.0,,
15186798,away,243199,Lucas Mendes,D,13.0,,
15186798,away,985171,Salah Zakaria,G,,,
15186798,away,891157,Meshaal Barsham,G,,,
15186798,away,897882,Abdelaziz Hatem,M,,,
15186798,away,303826,Karim Boudiaf,M,,,
15186798,away,936542,Ahmed Al-Ganehi,M,,,
15186798,away,796501,Almoez Ali,M,,,
15186798,away,229278,Ahmed Alaaeldin,F,,,
15186798,away,326185,Mohammed Muntari,F,,,
15186798,away,93953,Hassan Al Haydos,F,,,
15186798,away,1501518,Tahsin Mohammed Jamshid,F,,,
15186490,home,990408,Raúl Rangel,G,90.0,,
15186490,home,832868,Jorge Sánchez,D,90.0,,
15186490,home,847151,Edson Álvarez,M,90.0,,
15186490,home,889785,Johan Vásquez,D,90.0,,
15186490,home,770253,Jesús Gallardo,D,90.0,,
15186490,home,1023088,Brian Gutiérrez,M,71.0,,
15186490,home,944068,Erik Lira,D,90.0,,
15186490,home,1172773,Luis Romo,D,71.0,1.0,
15186490,home,865500,Roberto Alvarado,F,80.0,,
15186490,home,192442,Raúl Jiménez,F,80.0,,
15186490,home,843114,Julián Quiñones,F,84.0,,
15186490,home,850404,Orbelín Pineda,M,19.0,,
15186490,home,1119345,Obed Vargas,M,19.0,,
15186490,home,989236,Israel Reyes,D,10.0,,
15186490,home,892141,Santiago Giménez,F,10.0,,
15186490,home,905257,César Huerta,M,13.0,,
15186490,home,840519,Carlos Acevedo,G,,,
15186490,home,15497,Guillermo Ochoa,G,,,
15186490,home,1638685,Mateo Chávez,D,,,
15186490,home,838629,Álvaro Fidalgo,M,,,
15186490,home,1914576,Gilberto Mora,M,,,
15186490,home,757770,Luis Chávez,M,,,
15186490,home,815637,Alexis Vega,M,,,
15186490,home,1595162,Armando González,F,,,
15186490,home,795282,Guillermo Martínez,F,,,
15186490,away,235686,Kim Seung-gyu,G,90.0,,
15186490,away,1002448,Han-Beom Lee,D,90.0,,
15186490,away,896569,Kim Min-jae,D,90.0,,
15186490,away,1103520,Gi-Hyuk Lee,D,90.0,,
15186490,away,921263,Kim Moon-hwan,D,71.0,,
15186490,away,889689,Hwang In-beom,M,90.0,,
15186490,away,881307,Seung Ho Paik,M,77.0,,
15186490,away,1019333,Young-woo Seol,D,71.0,,
15186490,away,917087,Kang-in Lee,M,90.0,,
15186490,away,537552,Jae-sung Lee,M,57.0,,
15186490,away,111505,Son Heung-min,F,57.0,,
15186490,away,786186,Hwang Hee-chan,F,33.0,,
15186490,away,1010634,Hyeon-gyu Oh,F,33.0,,
15186490,away,1002508,Ji-sung Eom,M,19.0,,
15186490,away,1103531,Yang Hyun-Jun,F,19.0,,
15186490,away,1014281,Gue-sung Cho,F,13.0,,
15186490,away,940057,Song Bum-keun,G,,,
15186490,away,825502,Hyeon-woo Jo,G,,,
15186490,away,976203,Kim Tae-hyeon,D,,,
15186490,away,1154613,Wi-je Cho,D,,,
15186490,away,1002355,Lee Tae-seok,M,,,
15186490,away,1026069,Jin-seob Park,M,,,
15186490,away,1019312,Jens Castrop,M,,,
15186490,away,1185869,Jun-Ho Bae,M,,,
15186490,away,1009476,Jin-gyu Kim,M,,,
15186490,away,932316,Dong-gyeong Lee,M,,,
15186878,home,973436,Matthew Freese,G,90.0,,
15186878,home,1184541,Alexander Freeman,D,90.0,1.0,
15186878,home,931844,Chris Richards,D,90.0,,
15186878,home,118179,Tim Ream,D,90.0,,
15186878,home,906021,Sergiño Dest,D,80.0,,
15186878,home,881931,Weston McKennie,M,89.0,,
15186878,home,800419,Tyler Adams,M,90.0,,
15186878,home,975798,Malik Tillman,M,90.0,,
15186878,home,803174,Antonee Robinson,D,80.0,,
15186878,home,934237,Folarin Balogun,F,89.0,,
15186878,home,986395,Ricardo Pepi,F,74.0,,
15186878,home,1014845,Sebastian Berhalter,M,16.0,,
15186878,home,822459,Auston Trusty,D,10.0,,
15186878,home,1002920,Joe Scally,D,10.0,,
15186878,home,989056,Giovanni Reyna,M,1.0,,
15186878,home,818391,Haji Wright,F,1.0,,
15186878,home,833943,Matt Turner,G,,,
15186878,home,1024293,Chris Brady,G,,,
15186878,home,868843,Miles Robinson,D,,,
15186878,home,922759,Mark McKenzie,D,,,
15186878,home,1471659,Maximilian Arfsten,M,,,
15186878,home,790171,Cristian Roldán,M,,,
15186878,home,973431,Brenden Aaronson,M,,,
15186878,home,855810,Timothy Weah,M,,,
15186878,home,790108,Alex Zendejas,M,,,
15186878,away,1177240,Patrick Beach,G,90.0,,
15186878,away,907217,Jacob Italiano,M,90.0,,
15186878,away,1155423,Alessandro Circati,D,90.0,,
15186878,away,808680,Harry Souttar,D,90.0,,
15186878,away,358084,Cameron Burgess,D,45.0,,
15186878,away,1144138,Jordan Bos,D,90.0,,
15186878,away,122570,Mathew Leckie,M,61.0,,
15186878,away,847938,Aiden O'Neill,M,90.0,,
15186878,away,1411105,Paul Okon-Engstler,M,78.0,,
15186878,away,1118467,Nishan Velupillay,M,45.0,,
15186878,away,1019061,Mohamed Touré,F,45.0,,
15186878,away,303258,Jason Geria,D,45.0,,
15186878,away,888854,Connor Metcalfe,M,45.0,,
15186878,away,1144687,Nestory Irankunda,F,45.0,,
15186878,away,1155625,Cristian Volpato,M,29.0,,
15186878,away,181581,Jackson Irvine,M,12.0,,
15186878,away,134029,Mathew Ryan,G,,,
15186878,away,155925,Paul Izzo,G,,,
15186878,away,155961,Miloš Degenek,D,,,
15186878,away,576220,Aziz Behich,D,,,
15186878,away,1646783,Lucas Herrington,D,,,
15186878,away,991364,Kai Trewin,M,,,
15186878,away,944054,Cameron Devlin,M,,,
15186878,away,788284,Ajdin Hrustić,M,,,
15186878,away,307082,Awer Mabil,M,,,
15186878,away,1096517,Tete Yengi,F,,,
15186859,home,227946,Angus Gunn,G,90.0,,
15186859,home,1020141,Nathan Patterson,D,89.0,,
15186859,home,95791,Grant Hanley,D,90.0,,
15186859,home,795696,Jack Hendry,D,90.0,,
15186859,home,262911,Andy Robertson,D,90.0,,
15186859,home,250223,John McGinn,M,89.0,,
15186859,home,322391,Ryan Christie,M,71.0,,
15186859,home,907152,Lewis Ferguson,M,90.0,,
15186859,home,366592,Kieran Tierney,D,60.0,,
15186859,home,879346,Scott McTominay,M,90.0,,
15186859,home,773409,Che Adams,F,71.0,,
15186859,home,1154861,Ben Gannon-Doak,M,30.0,,
15186859,home,75756,Kenny McLean,M,19.0,,
15186859,home,846204,Lyndon Dykes,F,19.0,,
15186859,home,840227,Tony Ralston,D,8.0,,
15186859,home,886117,Ross Stewart,F,8.0,,
15186859,home,287555,Liam Kelly,G,,,
15186859,home,9370,Craig Gordon,G,,,
15186859,home,966869,Aaron Hickey,D,,,
15186859,home,287563,John Souttar,D,,,
15186859,home,802719,Dominic Hyam,D,,,
15186859,home,358108,Scott McKenna,D,,,
15186859,home,1402850,Tyler Fletcher,M,,,
15186859,home,1489210,Findlay Curtis,M,,,
15186859,home,839712,George Hirst,F,,,
15186859,home,237098,Lawrence Shankland,F,,,
15186859,away,360938,Yassine Bounou,G,90.0,,
15186859,away,814594,Achraf Hakimi,D,90.0,,
15186859,away,825719,Issa Diop,D,90.0,,
15186859,away,1064218,Chadi Riad,D,90.0,,
15186859,away,847030,Noussair Mazraoui,D,90.0,,
15186859,away,1564180,Ayyoub Bouaddi,M,90.0,,
15186859,away,1128530,Neil El Aynaoui,M,90.0,,
15186859,away,835485,Brahim Díaz,M,84.0,,
15186859,away,991421,Azzedine Ounahi,M,89.0,,
15186859,away,1126569,Bilal El Khannouss,M,84.0,,
15186859,away,1063767,Ismael Saibari,M,84.0,1.0,
15186859,away,1142675,Chemsdine Talbi,M,13.0,,
15186859,away,953995,Soufiane Rahimi,F,13.0,,
15186859,away,1898148,Ayoube Amaimouni Echghouyab,F,13.0,,
15186859,away,1605921,Samir El Mourabet,M,1.0,,
15186859,away,141967,Munir El Kajoui,G,,,
15186859,away,359280,Ahmed Reda Tagnaouti,G,,,
15186859,away,961684,Anass Salah-Eddine,D,,,
15186859,away,847714,Marwane Saadane,D,,,
15186859,away,1143667,Redouane Halhal,D,,,
15186859,away,919484,Youssef Belammari,D,,,
15186859,away,1134470,Zakaria El Ouahdi,D,,,
15186859,away,359272,Sofyan Amrabat,M,,,
15186859,away,1392829,Amine Sbai,M,,,
15186859,away,1638338,Gessime Yassine,M,,,
15186859,away,919793,Ayoub El Kaabi,F,,,
15186856,home,243609,Alisson,G,90.0,,
15186856,home,124992,Danilo,D,90.0,,
15186856,home,155995,Marquinhos,D,90.0,,
15186856,home,869792,Gabriel Magalhães,D,90.0,,
15186856,home,243583,Douglas Santos,D,90.0,,
15186856,home,866469,Bruno Guimarães,M,81.0,,
15186856,home,122951,Casemiro,M,90.0,,
15186856,home,839981,Lucas Paquetá,M,64.0,,
15186856,home,831005,Raphinha,M,40.0,,
15186856,home,886363,Matheus Cunha,F,64.0,2.0,
15186856,home,868812,Vinícius Júnior,F,81.0,1.0,
15186856,home,1464966,Rayan,M,50.0,,
15186856,home,1174937,Endrick,F,26.0,,
15186856,home,922573,Gabriel Martinelli,F,26.0,,
15186856,home,946888,Éderson,M,9.0,,
15186856,home,1064039,Danilo Santos,M,9.0,,
15186856,home,243529,Weverton,G,,,
15186856,home,254491,Ederson,G,,,
15186856,home,84854,Alex Sandro,D,,,
15186856,home,885197,Bremer,D,,,
15186856,home,358548,Léo Pereira,D,,,
15186856,home,888949,Roger Ibañez,D,,,
15186856,home,243585,Fabinho,M,,,
15186856,home,1035995,Luiz Henrique,M,,,
15186856,home,1016907,Igor Thiago,F,,,
15186856,away,37224,Johny Placide,G,90.0,,
15186856,away,794373,Carlens Arcus,D,45.0,,
15186856,away,845930,Jean-Kévin Duverne,D,90.0,,
15186856,away,839638,Ricardo Adé,D,90.0,,
15186856,away,826169,Hannes Delcroix,D,90.0,,
15186856,away,1110369,Martin Expérience,D,90.0,,
15186856,away,1035986,Josué Casimir,M,62.0,,
15186856,away,1173167,Danley Jean Jacques,M,90.0,,
15186856,away,845273,Jean-Ricner Bellegarde,M,81.0,,
15186856,away,954066,Ruben Providence,M,71.0,,
15186856,away,943278,Frantzdy Pierrot,F,45.0,,
15186856,away,1187376,Dominique Simon,M,45.0,,
15186856,away,877980,Wilson Isidor,F,45.0,,
15186856,away,991451,Louicius Don Deedson,F,28.0,,
15186856,away,1010126,Lenny Joseph,F,19.0,,
15186856,away,828012,Derrick Etienne,F,9.0,,
15186856,away,1091596,Alexandre Pierre,G,,,
15186856,away,936558,Josué Duverger,G,,,
15186856,away,1544387,Keeto Thermoncy,D,,,
15186856,away,884301,Duke Lacroix,D,,,
15186856,away,1126368,Garven-Michee Metusala,D,,,
15186856,away,1404526,Wilguens Paugain,D,,,
15186856,away,1002387,Carl Fred Sainté,M,,,
15186856,away,1384367,Woodensky Pierre,M,,,
15186856,away,796023,Duckens Nazon,F,,,
15186856,away,826211,Yassin Fortune,F,,,
15186879,home,754330,Uğurcan Çakır,G,90.0,,
15186879,home,836683,Mert Müldür,D,90.0,,
15186879,home,806968,Merih Demiral,D,90.0,,
15186879,home,178963,Abdülkerim Bardakcı,D,86.0,,
15186879,home,825844,Ferdi Kadıoğlu,D,70.0,,
15186879,home,135700,Hakan Çalhanoğlu,M,90.0,,
15186879,home,952600,İsmail Yüksek,M,60.0,,
15186879,home,857738,Yunus Akgün,M,60.0,,
15186879,home,1091116,Arda Güler,M,90.0,,
15186879,home,1149011,Kenan Yıldız,F,90.0,,
15186879,home,903324,Kerem Aktürkoğlu,F,45.0,,
15186879,home,904096,Barış Alper Yılmaz,M,45.0,,
15186879,home,1440948,Can Uzun,M,30.0,,
15186879,home,1407720,Deniz Gül,F,30.0,,
15186879,home,981483,Eren Elmalı,D,20.0,,
15186879,home,907461,Orkun Kökçü,M,13.0,,
15186879,home,815890,Altay Bayındır,G,,,
15186879,home,39573,Mert Günok,G,,,
15186879,home,138152,Kaan Ayhan,D,,,
15186879,home,857740,Ozan Kabak,D,,,
15186879,home,863600,Samet Akaydın,D,,,
15186879,home,893008,Zeki Çelik,D,,,
15186879,home,758608,Çağlar Söyüncü,D,,,
15186879,home,999396,Oğuz Aydın,M,,,
15186879,home,795005,Salih Özcan,M,,,
15186879,home,226986,İrfan Can Kahveci,M,,,
15186879,away,991709,Orlando Gill,G,90.0,,
15186879,away,989801,Juan Cáceres,D,81.0,,
15186879,away,220833,Gustavo Gómez,D,90.0,,
15186879,away,805137,Omar Alderete,D,90.0,,
15186879,away,333275,Junior Alonso,D,90.0,,
15186879,away,333373,Miguel Almirón,M,48.0,,
15186879,away,546416,Andrés Cubas,M,90.0,,
15186879,away,1065588,Diego Gómez,M,67.0,,
15186879,away,1105836,Matías Galarza,M,89.0,1.0,
15186879,away,979861,Isidro Pitta,F,45.0,,
15186879,away,973556,Julio Enciso,M,89.0,,
15186879,away,1015261,Damián Bobadilla,M,45.0,,
15186879,away,805427,Gustavo Velázquez,D,23.0,,
15186879,away,1546739,Alexandro Maidana,D,9.0,,
15186879,away,877452,José Canale,D,1.0,,
15186879,away,789453,Gabriel Ávalos,F,1.0,,
15186879,away,339135,Gastón Olveira,G,,,
15186879,away,840027,Roberto Fernández,G,,,
15186879,away,339447,Fabián Balbuena,D,,,
15186879,away,788936,Alejandro Romero,M,,,
15186879,away,986233,Mauricio,M,,,
15186879,away,883206,Braian Ojeda,M,,,
15186879,away,988656,Gustavo Caballero,M,,,
15186879,away,333261,Antonio Sanabria,F,,,
15186879,away,1167312,Alex Arce,F,,,
15186879,away,1015733,Ramón Sosa,F,,,
15186957,home,994363,Bart Verbruggen,G,90.0,,
15186957,home,759520,Denzel Dumfries,M,90.0,,
15186957,home,962012,Jan Paul van Hecke,D,90.0,,
15186957,home,151545,Virgil van Dijk,D,90.0,,
15186957,home,998247,Micky van de Ven,D,90.0,,
15186957,home,904897,Ryan Gravenberch,M,90.0,,
15186957,home,795222,Frenkie de Jong,M,59.0,,
15186957,home,893549,Tijjani Reijnders,M,59.0,,
15186957,home,803039,Donyell Malen,F,45.0,,
15186957,home,910048,Brian Brobbey,F,72.0,2.0,
15186957,home,862967,Cody Gakpo,M,89.0,2.0,
15186957,home,917005,Crysencio Summerville,M,45.0,1.0,
15186957,home,845798,Guus Til,M,31.0,,
15186957,home,803033,Teun Koopmeiners,M,31.0,,
15186957,home,138833,Memphis Depay,F,18.0,,
15186957,home,875136,Noa Lang,F,1.0,,
15186957,home,171919,Mark Flekken,G,,,
15186957,home,1012928,Robin Roefs,G,,,
15186957,home,1153079,Jorrel Hato,D,,,
15186957,home,149663,Nathan Aké,D,,,
15186957,home,856739,Lutsharel Geertruida,D,,,
15186957,home,959628,Mats Wieffer,D,,,
15186957,home,851596,Justin Kluivert,M,,,
15186957,home,100389,Marten de Roon,M,,,
15186957,home,252215,Wout Weghorst,F,,,
15186957,away,22596,Kristoffer Nordfeldt,G,90.0,,
15186957,away,965263,Gustaf Lagerbielke,D,90.0,,
15186957,away,1157713,Isak Hien,D,90.0,,
15186957,away,143334,Victor Lindelöf,D,90.0,,
15186957,away,227894,Jesper Karlström,M,56.0,,
15186957,away,980916,Alexander Bernhardsson,M,55.0,,
15186957,away,918517,Benjamin Nygren,F,56.0,,
15186957,away,1036269,Yasin Ayari,M,79.0,,
15186957,away,834308,Gabriel Gudmundsson,D,89.0,,
15186957,away,804508,Viktor Gyökeres,F,90.0,,
15186957,away,823941,Alexander Isak,F,90.0,,
15186957,away,979232,Anthony Elanga,F,35.0,1.0,
15186957,away,1173223,Besfort Zeneli,M,34.0,,
15186957,away,1391251,Lucas Bergvall,M,34.0,,
15186957,away,1022820,Taha Abdi Ali,M,11.0,,
15186957,away,1383695,Elliot Stroud,M,1.0,,
15186957,away,978728,Jacob Widell Zetterström,G,,,
15186957,away,561430,Viktor Johansson,G,,,
15186957,away,360718,Carl Starfelt,D,,,
15186957,away,875360,Hjalmar Ekdal,D,,,
15186957,away,542038,Eric Smith,D,,,
15186957,away,1021272,Daniel Svensson,M,,,
15186957,away,1099794,Herman Johansson,M,,,
15186957,away,319847,Ken Sema,M,,,
15186957,away,796987,Mattias Svanberg,M,,,
15186957,away,572286,Gustaf Nilsson,F,,,
15186905,home,8959,Manuel Neuer,G,90.0,,
15186905,home,259117,Joshua Kimmich,M,90.0,,
15186905,home,227672,Jonathan Tah,D,90.0,,
15186905,home,940871,Nico Schlotterbeck,D,45.0,,
15186905,home,1159759,Nathaniel Brown,D,90.0,,
15186905,home,907463,Felix Nmecha,M,90.0,,
15186905,home,1142251,Aleksandar Pavlović,M,60.0,,
15186905,home,293519,Leroy Sané,M,60.0,,
15186905,home,1010231,Jamal Musiala,M,60.0,,
15186905,home,1019322,Florian Wirtz,M,90.0,,
15186905,home,836705,Kai Havertz,F,85.0,,
15186905,home,142622,Antonio Rüdiger,D,45.0,,
15186905,home,990201,Jamie Leweling,M,30.0,,
15186905,home,327755,Nadiem Amiri,M,30.0,,
15186905,home,794298,Deniz Undav,F,30.0,2.0,
15186905,home,184661,Leon Goretzka,M,13.0,,
15186905,home,584722,Alexander Nübel,G,,,
15186905,home,40244,Oliver Baumann,G,,,
15186905,home,1014286,Malick Thiaw,D,,,
15186905,home,799046,Waldemar Anton,D,,,
15186905,home,856076,David Raum,D,,,
15186905,home,1418623,Assan Ouédraogo,M,,,
15186905,home,48480,Pascal Groß,M,,,
15186905,home,901882,Angelo Stiller,M,,,
15186905,home,980628,Maximilian Beier,F,,,
15186905,home,980623,Nick Woltemade,F,,,
15186905,away,877977,Yahia Fofana,G,90.0,,
15186905,away,978285,Wilfried Singo,D,82.0,,
15186905,away,973437,Odilon Kossounou,D,90.0,,
15186905,away,1013842,Emmanuel Agbadou,D,90.0,,
15186905,away,831781,Ghislain Konan,D,90.0,,
15186905,away,843754,Ibrahim Sangaré,M,75.0,,
15186905,away,971037,Amad Diallo,M,75.0,,
15186905,away,359226,Franck Kessié,M,90.0,1.0,
15186905,away,1888002,Christ Inao Oulaï,M,90.0,,
15186905,away,2087085,Yan Diomande,F,85.0,,
15186905,away,1086223,Ange-Yoan Bonny,F,75.0,,
15186905,away,1110842,Simon Adingra,M,15.0,,
15186905,away,191188,Seko Fofana,M,15.0,,
15186905,away,930245,Evann Guessand,F,15.0,,
15186905,away,1002033,Guéla Doué,D,8.0,,
15186905,away,593526,Nicolas Pépé,F,13.0,,
15186905,away,826201,Alban Lafont,G,,,
15186905,away,1131009,Mohamed Koné,G,,,
15186905,away,858977,Christopher Operi,D,,,
15186905,away,1394342,Ousmane Diomande,D,,,
15186905,away,848287,Evan Ndicka,D,,,
15186905,away,1568123,Bazoumana Touré,M,,,
15186905,away,305282,Jean Michaël Seri,M,,,
15186905,away,1030459,Parfait Guiagon,M,,,
15186905,away,1188191,Oumar Diakité,F,,,
15186905,away,979315,Elye Wahi,F,,,
15186906,home,588618,Hernán Galíndez,G,90.0,,
15186906,home,822729,Alan Franco,M,83.0,,
15186906,home,979480,Willian Pacho,D,90.0,,
15186906,home,1002837,Piero Hincapié,D,90.0,,
15186906,home,925740,Jordy Alcivar,M,45.0,,
15186906,home,879802,John Yeboah,F,89.0,,
15186906,home,1002524,Pedro Vite,M,90.0,,
15186906,home,987650,Moisés Caicedo,M,90.0,,
15186906,home,805465,Pervis Estupiñán,M,70.0,,
15186906,home,937937,Gonzalo Plata,M,90.0,,
15186906,home,106456,Enner Valencia,F,90.0,,
15186906,home,1431770,Kevin Rodriguez,F,45.0,,
15186906,home,1116571,Nilson Angulo,M,20.0,,
15186906,home,881844,Ángelo Preciado,M,13.0,,
15186906,home,804770,Jordy Caicedo,F,1.0,,
15186906,home,923237,Moisés Ramírez,G,,,
15186906,home,925484,Gonzalo Valle,G,,,
15186906,home,1106546,Yaimar Medina,D,,,
15186906,home,1187275,Joel Ordóñez,D,,,
15186906,home,978518,Jackson Porozo,D,,,
15186906,home,881848,Félix Torres,D,,,
15186906,home,1464025,Kendry Páez,M,,,
15186906,home,1145126,Denil Castillo,M,,,
15186906,home,1464642,Jeremy Arevalo,F,,,
15186906,home,1020197,Anthony Valencia,F,,,
15186906,home,1122552,Alan Minda,F,,,
15186906,away,40859,Eloy Room,G,90.0,,
15186906,away,296438,Joshua Brenet,D,90.0,,
15186906,away,884944,Jurien Gaari,D,90.0,,
15186906,away,825838,Armando Obispo,D,90.0,,
15186906,away,803021,Sherel Constancio Floranus,D,90.0,,
15186906,away,1177177,Deveron Fonville,D,76.0,,
15186906,away,825845,Tahith Chong,M,76.0,,
15186906,away,1136642,Livano Comenencia,D,84.0,,
15186906,away,74545,Leandro Bacuna,M,90.0,,
15186906,away,788971,Juninho Bacuna,M,75.0,,
15186906,away,97409,Jürgen Locadia,F,83.0,,
15186906,away,796142,Kenji Gorré,M,15.0,,
15186906,away,925930,Roshon van Eijma,D,14.0,,
15186906,away,1036004,Jearl Margaritha,M,14.0,,
15186906,away,798178,Gervane Kastaneer,F,13.0,,
15186906,away,825849,Godfried Roemeratoe,M,12.0,,
15186906,away,1049270,Tyrick Bodak,G,,,
15186906,away,895013,Trevor Iriving Doornbusch,G,,,
15186906,away,916926,Shurandy Sambo,D,,,
15186906,away,227196,Riechedly Bazoer,D,,,
15186906,away,1004277,Ar'Jany Martha,D,,,
15186906,away,1469336,Tyrese Noslin,M,,,
15186906,away,1092638,Jeremy Antonisse,M,,,
15186906,away,896215,Kevin Felida,M,,,
15186906,away,252885,Brandley Kuwas,F,,,
15186906,away,1199057,Sontje Hansen,F,,,
15186963,home,1198374,Aymen Dahmen,G,90.0,,
15186963,home,845271,Dylan Bronn,D,45.0,,
15186963,home,879618,Montassar Talbi,D,90.0,,
15186963,home,976251,Omar Rekik,D,90.0,,
15186963,home,826202,Yan Valery,D,90.0,,
15186963,home,1006147,Anis Ben Slimane,M,90.0,,
15186963,home,591706,Ellyes Skhiri,M,89.0,,
15186963,home,919027,Ali Abdi,D,89.0,,
15186963,home,1130946,Elias Saad,F,45.0,,
15186963,home,1009386,Hannibal Mejbri,M,90.0,,
15186963,home,957143,Sebastian Tounekti,M,64.0,,
15186963,home,1000809,Amine Ben Hmida,D,45.0,,
15186963,home,1113488,Ismael Gharbi,M,45.0,,
15186963,home,919198,Firas Chaouat,F,26.0,,
15186963,home,945204,Elias Achouri,M,1.0,,
15186963,home,149479,Rani Khedira,M,1.0,,
15186963,home,2018130,Abdelmouhib Chamakh,G,,,
15186963,home,359312,Sabri Ben Hessen,G,,,
15186963,home,2018238,Adem Arous,D,,,
15186963,home,1391526,Moutaz Neffati,D,,,
15186963,home,2018330,Raed Chikhaoui,D,,,
15186963,home,1008597,Mohamed Belhadj Mahmoud,M,,,
15186963,home,919225,Mortadha Ben Ouanes,M,,,
15186963,home,1606568,Khalil Ayari,M,,,
15186963,home,1991585,Hazem Mastouri,F,,,
15186963,home,1872950,Rayan Elloumi,F,,,
15186963,away,905351,Zion Suzuki,G,90.0,,
15186963,away,804434,Takehiro Tomiyasu,D,79.0,,
15186963,away,790989,Ko Itakura,D,90.0,,
15186963,away,873106,Hiroki Itō,D,90.0,,
15186963,away,790965,Ritsu Doan,M,74.0,,
15186963,away,1028307,Kaishu Sano,M,90.0,,
15186963,away,871886,Ao Tanaka,M,90.0,,
15186963,away,905352,Keito Nakamura,M,79.0,,
15186963,away,783278,Junya Ito,M,90.0,1.0,
15186963,away,794338,Daichi Kamada,M,73.0,1.0,
15186963,away,985823,Ayase Ueda,F,84.0,2.0,
15186963,away,1171902,Junnosuke Suzuki,D,17.0,,
15186963,away,905347,Yukinari Sugawara,D,16.0,,
15186963,away,873221,Ayumu Seko,D,11.0,,
15186963,away,1020422,Yuito Suzuki,M,11.0,,
15186963,away,1391315,Keisuke Goto,F,13.0,,
15186963,away,831923,Keisuke Osako,G,,,
15186963,away,1100230,Tomoki Hayakawa,G,,,
15186963,away,386958,Shogo Taniguchi,D,,,
15186963,away,942213,Tsuyoshi Watanabe,D,,,
15186963,away,34639,Yuto Nagatomo,D,,,
15186963,away,832420,Daizen Maeda,F,,,
15186963,away,1499696,Kento Shiogai,F,,,
15186963,away,831860,Koki Ogawa,F,,,
15186840,home,797291,Unai Simón,G,90.0,,
15186840,home,913654,Pedro Porro,D,90.0,,
15186840,home,1402913,Pau Cubarsí,D,90.0,,
15186840,home,149734,Aymeric Laporte,D,90.0,,
15186840,home,794939,Marc Cucurella,D,90.0,,
15186840,home,789071,Dani Olmo,M,61.0,,
15186840,home,827606,Rodri,M,90.0,,
15186840,home,992587,Pedri,M,70.0,,
15186840,home,1402912,Lamine Yamal,M,45.0,1.0,
15186840,home,823622,Mikel Oyarzabal,F,45.0,2.0,
15186840,home,910031,Alex Baena,M,61.0,,
15186840,home,855833,Ferran Torres,F,45.0,,
15186840,home,984624,Yéremy Pino,F,45.0,,
15186840,home,592010,Mikel Merino,M,29.0,,
15186840,home,1085400,Nico Williams,M,29.0,,
15186840,home,784655,Fabián Ruiz,M,20.0,,
15186840,home,581310,David Raya,G,,,
15186840,home,930267,Joan García,G,,,
15186840,home,1094106,Marc Pubill,D,,,
15186840,home,876214,Eric García,D,,,
15186840,home,353138,Marcos Llorente,D,,,
15186840,home,177177,Alejandro Grimaldo,M,,,
15186840,home,1103693,Gavi,M,,,
15186840,home,966837,Martín Zubimendi,M,,,
15186840,home,1145642,Víctor Muñoz,F,,,
15186840,home,785989,Borja Iglesias,F,,,
15186840,away,791416,Mohammed Al-Owais,G,90.0,,
15186840,away,966849,Saud Abdulhamid,M,90.0,,
15186840,away,881831,Abdulelah Al-Amri,D,60.0,,
15186840,away,818667,Ali Lajami,D,90.0,,
15186840,away,881837,Hassan Tambakti,D,90.0,,
15186840,away,1022679,Moteb Al-Harbi,D,90.0,,
15186840,away,1106234,Musab Al Juwayr,M,45.0,,
15186840,away,867179,Abdullah Al-Khaibari,M,45.0,,
15186840,away,872607,Nasser Al-Dawsari,M,89.0,,
15186840,away,160893,Salem Al-Dawsari,M,90.0,,
15186840,away,893307,Firas Al-Buraikan,F,60.0,,
15186840,away,828524,Mohamed Kanno,M,45.0,,
15186840,away,915991,Abdullah Al-Hamdan,F,45.0,,
15186840,away,1804369,Mohammed Abu Al-Shamat,M,30.0,,
15186840,away,826242,Ala'a Al-Hejji,M,30.0,,
15186840,away,976538,Khalid Al-Ghannam,F,9.0,,
15186840,away,1014518,Nawaf Al-Aqidi,G,,,
15186840,away,818749,Ahmed Al-Kassar,G,,,
15186840,away,917035,Ali Majrashi,D,,,
15186840,away,986400,Nawaf Boushal,D,,,
15186840,away,847235,Hassan Kadesh,D,,,
15186840,away,1845169,Jehad Thakri,D,,,
15186840,away,1048372,Ziyad Aljohani,M,,,
15186840,away,1130539,Ayman Yahya,M,,,
15186840,away,818779,Saleh Al-Shehri,F,,,
15186840,away,818568,Sultan Mandash,F,,,
15186499,home,70988,Thibaut Courtois,G,90.0,,
15186499,home,128587,Thomas Meunier,D,58.0,,
15186499,home,1119487,Nathan Ngoy,D,66.0,,
15186499,home,248331,Brandon Mechele,D,90.0,,
15186499,home,997152,Maxim De Cuyper,D,90.0,,
15186499,home,889378,Nicolas Raskin,M,58.0,,
15186499,home,331737,Youri Tielemans,M,90.0,,
15186499,home,901891,Alexis Saelemaekers,M,58.0,,
15186499,home,70996,Kevin De Bruyne,M,87.0,,
15186499,home,135666,Leandro Trossard,F,90.0,,
15186499,home,78893,Romelu Lukaku,F,73.0,,
15186499,home,329417,Timothy Castagne,D,32.0,,
15186499,home,823631,Dodi Lukebakio,M,32.0,,
15186499,home,118085,Hans Vanaken,M,32.0,,
15186499,home,965778,Arthur Theate,D,17.0,,
15186499,home,1149144,Matías Fernández-Pardo,F,9.0,,
15186499,home,964753,Senne Lammens,G,,,
15186499,home,1149148,Mike Penders,G,,,
15186499,home,1001828,Koni De Winter,D,,,
15186499,home,1395881,Joaquin Seys,D,,,
15186499,home,923973,Amadou Onana,M,,,
15186499,home,35612,Axel Witsel,M,,,
15186499,home,1142233,Diego Moreira,M,,,
15186499,home,960441,Charles De Ketelaere,F,,,
15186499,away,791374,Alireza Beiranvand,G,90.0,,
15186499,away,1836024,Saleh Hardani,D,45.0,,
15186499,away,812952,Hossein Kanaani,D,90.0,,
15186499,away,223340,Shoja Khalilzadeh,D,90.0,,
15186499,away,932486,Ali Nemati,D,90.0,,
15186499,away,1196902,Ehsan Hajsafi,D,66.0,,
15186499,away,786133,Ramin Rezaeian,D,90.0,,
15186499,away,548050,Saman Ghoddos,M,79.0,,
15186499,away,359334,Saeid Ezatolahi,M,85.0,,
15186499,away,996805,Mohammad Mohebi,F,66.0,,
15186499,away,812533,Mehdi Taremi,F,90.0,,
15186499,away,331837,Alireza Jahanbakhsh,F,45.0,,
15186499,away,812531,Milad Mohammadi,D,24.0,,
15186499,away,812953,Mahdi Torabi,M,24.0,,
15186499,away,993899,Shahriar Moghanlou,F,11.0,,
15186499,away,905472,Amirhossein Hosseinzadeh,F,11.0,,
15186499,away,932221,Payam Niazmand,G,,,
15186499,away,328769,Hossein Hosseini,G,,,
15186499,away,1170977,Aria Yousefi,D,,,
15186499,away,1464876,Danial Eiri,D,,,
15186499,away,828230,Roozbeh Cheshmi,D,,,
15186499,away,1171024,Mohammad Ghorbani,M,,,
15186499,away,1500737,Amirmohammad Razzaghinia,M,,,
15186499,away,881182,Mehdi Ghayedi,M,,,
15186499,away,812797,Dennis Eckert Ayensa,F,,,
15186499,away,791368,Ali Alipour,F,,,
15186800,home,28381,Fernando Muslera,G,90.0,,
15186800,home,311456,Guillermo Varela,D,90.0,,
15186800,home,924889,Sebastián Cáceres,D,90.0,,
15186800,home,805078,Mathías Olivera,D,90.0,,
15186800,home,874568,Juan Sanabria,D,90.0,,
15186800,home,846425,Manuel Ugarte,M,70.0,,
15186800,home,846413,Agustín Canobbio,M,90.0,1.0,
15186800,home,791190,Rodrigo Bentancur,M,90.0,,
15186800,home,831808,Federico Valverde,M,90.0,,
15186800,home,929193,Maximiliano Araújo,D,81.0,1.0,
15186800,home,976104,Federico Viñas,F,70.0,,
15186800,home,877513,Nicolás de la Cruz,M,20.0,,
15186800,home,924871,Darwin Núñez,F,20.0,,
15186800,home,932233,Brian Rodríguez,M,9.0,,
15186800,home,846421,Santiago Mele,G,,,
15186800,home,581060,Sergio Rochet,G,,,
15186800,home,325355,José María Giménez,D,,,
15186800,home,875295,Matías Viña,D,,,
15186800,home,846308,Santiago Bueno,D,,,
15186800,home,881110,Joaquín Piquerez,D,,,
15186800,home,989803,Facundo Pellistri,M,,,
15186800,home,973533,Emiliano Martínez,M,,,
15186800,home,966575,Rodrigo Zalazar,F,,,
15186800,home,155974,Rodrigo Aguirre,F,,,
15186800,away,307436,Vozinha,G,90.0,,
15186800,away,287833,Steven Moreira,D,90.0,,
15186800,away,147138,Pico,D,90.0,,
15186800,away,784677,Diney Borges,D,90.0,,
15186800,away,1117723,Sidny Lopes Cabral,D,90.0,,
15186800,away,906838,Kevin Pina,M,71.0,1.0,
15186800,away,52797,Ryan Mendes,M,90.0,,
15186800,away,1035280,Telmo Arcanjo,M,45.0,,
15186800,away,815080,Jamiro Monteiro,M,80.0,,
15186800,away,787429,Garry Rodrigues,M,58.0,,
15186800,away,1111215,Gilson Tavares,F,58.0,,
15186800,away,921089,Deroy Duarte,M,45.0,,
15186800,away,1094395,Hélio Varela,M,32.0,1.0,
15186800,away,209374,Nuno Da Costa,F,32.0,,
15186800,away,798177,Laros Duarte,M,19.0,,
15186800,away,818064,Yannick Semedo,M,10.0,,
15186800,away,892133,Márcio Rosa,G,,,
15186800,away,906020,CJ Dos Santos,G,,,
15186800,away,59609,Stopira,D,,,
15186800,away,911853,Logan Costa,D,,,
15186800,away,1513625,Wagner Pina,D,,,
15186800,away,1048591,Kelvin Pires,D,,,
15186800,away,1001675,João Paulo,M,,,
15186800,away,889052,Willy Semedo,M,,,
15186800,away,845802,Jovane Cabral,F,,,
15186800,away,1155358,Dailon Rocha Livramento,F,,,
15186827,home,197904,Max Crocombe,G,90.0,,
15186827,home,155882,Tim Payne,D,85.0,,
15186827,home,1167100,Finn Surman,D,90.0,1.0,
15186827,home,38624,Michael Boxall,D,90.0,,
15186827,home,905264,Liberato Cacace,M,76.0,,
15186827,home,822749,Joe Bell,M,90.0,,
15186827,home,1002620,Marko Stamenić,M,90.0,,
15186827,home,822753,Callum McCowatt,M,66.0,,
15186827,home,822743,Sarpreet Singh,M,76.0,,
15186827,home,905267,Elijah Just,M,85.0,,
15186827,home,50480,Chris Wood,F,90.0,,
15186827,home,1122425,Benjamin Old,M,24.0,,
15186827,home,333571,Ryan Thomas,M,14.0,,
15186827,home,1002506,Jesse Randall,M,14.0,,
15186827,home,1514870,Tyler Bindon,D,16.0,,
15186827,home,867714,Francis De Vries,D,16.0,,
15186827,home,1000379,Alex Paulsen,G,,,
15186827,home,822737,Michael Woud,G,,,
15186827,home,38111,Tommy Smith,D,,,
15186827,home,982371,Nando Pijnaker,D,,,
15186827,home,959750,Callan Elliot,D,,,
15186827,home,356256,Alex Rufer,M,,,
15186827,home,1414979,Lachlan Bayliss,M,,,
15186827,home,813840,Logan Rogerson,M,,,
15186827,home,31857,Kosta Barbarouses,F,,,
15186827,home,944481,Ben Waine,F,,,
15186827,away,1048378,Mostafa Shobeir,G,90.0,,
15186827,away,826545,Mohamed Hany,D,90.0,,
15186827,away,333441,Yasser Ibrahim,D,90.0,,
15186827,away,918913,Hamdy Fathy,M,41.0,,
15186827,away,880622,Ahmed Fatouh,D,90.0,,
15186827,away,1013699,Marwan Attia,M,90.0,,
15186827,away,918506,Mohanad Lasheen,M,90.0,,
15186827,away,1418782,Mostafa Ziko,M,76.0,1.0,
15186827,away,159665,Mohamed Salah,M,85.0,1.0,
15186827,away,967032,Emam Ashour,M,85.0,,
15186827,away,873554,Omar Marmoush,F,76.0,,
15186827,away,295339,Rami Rabia,D,49.0,,
15186827,away,295361,Mahmoud Trézéguet,M,14.0,1.0,
15186827,away,1961596,Hamza Abdelkarim,F,14.0,,
15186827,away,1063327,Hossam Abdelmaguid,D,14.0,,
15186827,away,547494,Zizo,M,16.0,,
15186827,away,926506,Mohamed Abdelmonem,D,1.0,,
15186827,away,1980828,Mohamed Alaa,G,,,
15186827,away,918547,Mahdi Soliman,G,,,
15186827,away,871735,Mohamed El-Shenawy,G,,,
15186827,away,1480544,Tarek Alaa,D,,,
15186827,away,577736,Karim Hafez,D,,,
15186827,away,1101624,Mahmoud Saber,M,,,
15186827,away,1008171,Ibrahim Adel,M,,,
15186827,away,942836,Haissem Hassan,M,,,
15186827,away,918505,Nabil Donga,M,,,
15186502,home,158263,Emiliano Martínez,G,90.0,,
15186502,home,831799,Nahuel Molina,D,90.0,,
15186502,home,829932,Cristian Romero,D,57.0,,
15186502,home,859999,Lisandro Martínez,D,90.0,,
15186502,home,860307,Facundo Medina,D,82.0,,
15186502,home,249399,Rodrigo De Paul,M,82.0,,
15186502,home,895324,Alexis Mac Allister,M,90.0,,
15186502,home,974505,Enzo Fernández,M,90.0,,
15186502,home,944660,Thiago Almada,M,64.0,,
15186502,home,12994,Lionel Messi,F,90.0,2.0,
15186502,home,823984,Lautaro Martínez,F,65.0,,
15186502,home,74915,Nicolás Otamendi,D,33.0,,
15186502,home,944656,Julián Alvarez,F,26.0,,
15186502,home,901325,Nicolás González,M,25.0,,
15186502,home,158243,Nicolás Tagliafico,D,8.0,,
15186502,home,255389,Leandro Paredes,M,8.0,,
15186502,home,263651,Juan Musso,G,,,
15186502,home,128383,Gerónimo Rulli,G,,,
15186502,home,830659,Marcos Senesi,D,,,
15186502,home,822933,Gonzalo Montiel,D,,,
15186502,home,1127057,Valentín Barco,M,,,
15186502,home,1171451,Nico Paz,M,,,
15186502,home,1099352,Giuliano Simeone,M,,,
15186502,home,798835,Giovani Lo Celso,M,,,
15186502,home,822600,Exequiel Palacios,M,,,
15186502,home,1094179,José Manuel López,F,,,
15186502,away,282073,Alexander Schlager,G,90.0,,
15186502,away,355486,Stefan Posch,D,68.0,,
15186502,away,794953,Kevin Danso,D,90.0,,
15186502,away,66492,David Alaba,D,67.0,,
15186502,away,355492,Konrad Laimer,D,90.0,,
15186502,away,976575,Nicolas Seiwald,M,90.0,,
15186502,away,791079,Xaver Schlager,M,90.0,,
15186502,away,830127,Romano Schmid,M,78.0,,
15186502,away,1146018,Paul Wanner,M,68.0,,
15186502,away,133908,Marcel Sabitzer,M,90.0,,
15186502,away,111483,Michael Gregoritsch,F,85.0,,
15186502,away,825771,Marco Friedl,D,23.0,,
15186502,away,978062,Alexander Prass,M,22.0,,
15186502,away,21927,Marko Arnautović,F,22.0,,
15186502,away,987504,Patrick Wimmer,M,12.0,,
15186502,away,994556,Carney Chukwuemeka,M,13.0,,
15186502,away,788319,Patrick Pentz,G,,,
15186502,away,869476,Florian Wiegele,G,,,
15186502,away,988672,David Affengruber,D,,,
15186502,away,888340,Michael Svoboda,D,,,
15186502,away,576266,Philipp Lienhart,D,,,
15186502,away,869883,Dejan Ljubičić,M,,,
15186502,away,186719,Florian Grillitsch,M,,,
15186502,away,147776,Alessandro Schöpf,M,,,
15186502,away,138126,Phillipp Mwene,M,,,
15186502,away,870038,Saša Kalajdžić,F,,,
15186769,home,191210,Mike Maignan,G,90.0,,
15186769,home,827212,Jules Koundé,D,83.0,,
15186769,home,798583,Dayot Upamecano,D,90.0,,
15186769,home,941168,William Saliba,D,90.0,,
15186769,home,96538,Lucas Digne,D,90.0,,
15186769,home,974087,Manu Koné,M,90.0,,
15186769,home,250737,Adrien Rabiot,M,90.0,,
15186769,home,818244,Ousmane Dembélé,F,68.0,1.0,
15186769,home,978838,Michael Olise,M,68.0,,
15186769,home,996952,Bradley Barcola,F,83.0,,
15186769,home,826643,Kylian Mbappé,F,89.0,2.0,
15186769,home,979128,Rayan Cherki,M,22.0,,
15186769,home,1154605,Désiré Doué,F,22.0,,
15186769,home,996958,Malo Gusto,D,10.0,,
15186769,home,1130939,Maghnes Akliouche,M,10.0,,
15186769,home,791702,Marcus Thuram,F,1.0,,
15186769,home,164055,Brice Samba,G,,,
15186769,home,1387161,Robin Risser,G,,,
15186769,home,826215,Ibrahima Konaté,D,,,
15186769,home,352370,Lucas Hernández,D,,,
15186769,home,788027,Theo Hernández,D,,,
15186769,home,879674,Maxence Lacroix,D,,,
15186769,home,859025,Aurélien Tchouaméni,M,,,
15186769,home,234148,N'Golo Kanté,M,,,
15186769,home,1142672,Warren Zaïre-Emery,M,,,
15186769,home,848276,Jean-Philippe Mateta,F,,,
15186769,away,888896,Ahmed Basil,G,90.0,,
15186769,away,962056,Hussein Ali,D,90.0,,
15186769,away,1150051,Zaid Tahseen,D,60.0,,
15186769,away,1631451,Akam Hashem,D,90.0,,
15186769,away,1381224,Merchas Doski,D,90.0,,
15186769,away,915325,Amir Al-Ammari,M,68.0,,
15186769,away,1101887,Ahmed Qasem,M,90.0,,
15186769,away,1843356,Zaid Ismail,M,60.0,,
15186769,away,1014225,Zidane Iqbal,M,90.0,,
15186769,away,920815,Ibrahim Bayesh,M,69.0,,
15186769,away,812999,Aymen Hussein,F,26.0,,
15186769,away,1010010,Ali Al-Hamadi,F,64.0,,
15186769,away,362504,Rebin Sulaka,D,30.0,,
15186769,away,1106352,Youssef Amyn,M,30.0,,
15186769,away,981574,Aimar Sher,M,22.0,,
15186769,away,1026519,Marko Farji,M,21.0,,
15186769,away,884092,Fahad Talib,G,,,
15186769,away,196454,Jalal Hassan,G,,,
15186769,away,1163991,Manaf Younis,D,,,
15186769,away,1381227,Ahmed Hasan Maknazi,D,,,
15186769,away,851676,Frans Putros,D,,,
15186769,away,1500435,Mustafa Saadoon,D,,,
15186769,away,1066729,Ali Jasim,M,,,
15186769,away,936451,Kevin Yakob,M,,,
15186769,away,834492,Ali Yousif,F,,,
15186769,away,951859,Mohanad Ali,F,,,
15186770,home,22209,Ørjan Nyland,G,90.0,,
15186770,home,800951,Julian Ryerson,M,13.0,,
15186770,home,576384,Kristoffer Ajer,D,90.0,,
15186770,home,933264,Torbjørn Heggem,D,84.0,,
15186770,home,1031283,David Møller Wolfe,D,90.0,,
15186770,home,547410,Martin Ødegaard,M,90.0,,
15186770,home,793167,Sander Berge,M,90.0,,
15186770,home,228364,Fredrik Aursnes,M,45.0,,
15186770,home,309078,Alexander Sørloth,F,84.0,,
15186770,home,839956,Erling Haaland,F,90.0,2.0,
15186770,home,1121923,Antonio Nusa,F,71.0,,
15186770,home,934409,Marcus Pedersen,M,77.0,1.0,
15186770,home,355174,Patrick Berg,M,45.0,,
15186770,home,1100952,Andreas Schjelderup,M,19.0,,
15186770,home,879746,Leo Østigård,D,17.0,,
15186770,home,1065216,Oscar Bobb,M,17.0,,
15186770,home,1030355,Sander Tangvik,G,,,
15186770,home,798176,Egil Selvik,G,,,
15186770,home,795154,Fredrik André Bjørkan,D,,,
15186770,home,1026541,Sondre Langås,D,,,
15186770,home,1022374,Henrik Sælebakke Falchener,D,,,
15186770,home,1065989,Thelo Aasgaard,M,,,
15186770,home,924973,Kristian Thorstvedt,M,,,
15186770,home,280991,Morten Thorsby,M,,,
15186770,home,876599,Jørgen Strand Larsen,F,,,
15186770,home,838805,Jens Petter Hauge,F,,,
15186770,away,845074,Edouard Mendy,G,63.0,,
15186770,away,873534,Krépin Diatta,M,90.0,,
15186770,away,126071,Kalidou Koulibaly,D,72.0,,
15186770,away,758168,Moussa Niakhaté,D,90.0,,
15186770,away,1471764,El Hadji Malick Diouf,D,54.0,,
15186770,away,106337,Idrissa Gana Gueye,M,90.0,,
15186770,away,879694,Pape Gueye,M,54.0,,
15186770,away,845286,Ismaïla Sarr,F,90.0,2.0,
15186770,away,1389846,Lamine Camara,M,63.0,,
15186770,away,217704,Sadio Mané,M,90.0,,
15186770,away,1085381,Nicolas Jackson,F,90.0,,
15186770,away,897291,Ismail Jakobs,D,36.0,,
15186770,away,1590918,Ibrahim Mbaye,F,36.0,,
15186770,away,580226,Mory Diaw,G,27.0,,
15186770,away,913679,Pathé Ismaël Ciss,M,27.0,,
15186770,away,1002711,Pape Matar Sarr,M,18.0,,
15186770,away,845183,Yehvann Diouf,G,,,
15186770,away,1154657,Mamadou Sarr,D,,,
15186770,away,583896,Abdoulaye Seck,D,,,
15186770,away,1120615,Antoine Mendy,D,,,
15186770,away,2427970,Bara Sapoko Ndiaye,M,,,
15186770,away,1493689,Assane Diao,M,,,
15186770,away,914309,Iliman Ndiaye,M,,,
15186770,away,1128532,Habib Diarra,M,,,
15186770,away,1102503,Ahmadou Bamba Dieng,F,,,
15186770,away,868268,Cherif Ndiaye,F,,,
15186740,home,828294,Yazeed Abu Laila,G,90.0,,
15186740,home,1114497,Abdallah Nasib,D,90.0,,
15186740,home,888906,Yazan Al-Arab,D,90.0,,
15186740,home,1122369,Husam Ali Mohammad Abudahab,D,89.0,,
15186740,home,812997,Ehsan Haddad,M,90.0,,
15186740,home,1014324,Nizar Al-Rashdan,M,90.0,1.0,
15186740,home,927845,Noor Al-Rawabdeh,M,90.0,,
15186740,home,1114775,Mohannad Abu Taha,M,85.0,,
15186740,home,980728,Ali Olwan,F,89.0,,
15186740,home,812557,Mahmoud Al-Mardi,M,76.0,,
15186740,home,876600,Mousa Tamari,F,84.0,,
15186740,home,1937497,Odeh Fakhoury,F,14.0,,
15186740,home,1457997,Ali Al Azaizeh,M,14.0,,
15186740,home,1139989,Mohammad Ali Hasheesh,D,13.0,,
15186740,home,980664,Saleem Obaid,D,1.0,,
15186740,home,986341,Mohammad Abu Zrayq,M,1.0,,
15186740,home,954107,Noureddin Zaid,G,,,
15186740,home,974747,Abdallah Al-Fakhouri,G,,,
15186740,home,1158813,Mo Abualnadi,D,,,
15186740,home,920476,Saad Al Rousan,D,,,
15186740,home,2239188,Anas Badawi,D,,,
15186740,home,2048339,Mohammad Abu Ghoush,D,,,
15186740,home,1019495,Amer Jamous,M,,,
15186740,home,786030,Rajaei Ayed,M,,,
15186740,home,997817,Ibrahim Sadeh,M,,,
15186740,home,786034,Mohammad Al Daoud,M,,,
15186740,away,802133,Luca Zidane,G,90.0,,
15186740,away,1103488,Rafik Belghali,M,90.0,,
15186740,away,122810,Aïssa Mandi,D,90.0,,
15186740,away,577726,Ramy Bensebaini,D,90.0,,
15186740,away,931278,Rayan Aït-Nouri,D,85.0,,
15186740,away,985923,Hicham Boudaoui,M,45.0,,
15186740,away,989882,Ramiz Zerrouki,M,45.0,,
15186740,away,158213,Riyad Mahrez,M,76.0,,
15186740,away,1407524,Ibrahim Maza,F,90.0,,
15186740,away,1192318,Farès Chaïbi,M,90.0,,
15186740,away,859026,Amine Gouiri,F,86.0,1.0,
15186740,away,368120,Nabil Bentaleb,M,45.0,,
15186740,away,1177807,Ahmed Nadhir Benbouali,F,45.0,1.0,
15186740,away,1218066,Anis Hadj Moussa,M,14.0,,
15186740,away,1049534,Jaouen Hadjam,D,13.0,,
15186740,away,1018822,Zineddine Belaid,D,12.0,,
15186740,away,1118193,Melvin Mastil,G,,,
15186740,away,1007589,Oussama Benbot,G,,,
15186740,away,1503088,Achref Abada,D,,,
15186740,away,1018018,Mohamed Tougai,D,,,
15186740,away,981168,Samir Chergui,D,,,
15186740,away,846081,Houssem Aouar,M,,,
15186740,away,1094482,Adil Boulbina,M,,,
15186740,away,1094538,Yassine Titraoui,M,,,
15186740,away,1445228,Farès Ghedjemis,F,,,
15186710,home,990408,Raúl Rangel,G,90.0,,
15186710,home,989236,Israel Reyes,D,90.0,,
15186710,home,818406,César Montes,D,90.0,,
15186710,home,889785,Johan Vásquez,D,90.0,,
15186710,home,770253,Jesús Gallardo,D,90.0,,
15186710,home,944068,Erik Lira,D,76.0,,
15186710,home,865500,Roberto Alvarado,F,90.0,,
15186710,home,1023088,Brian Gutiérrez,M,66.0,,
15186710,home,838629,Álvaro Fidalgo,M,66.0,,
15186710,home,843114,Julián Quiñones,F,79.0,1.0,
15186710,home,192442,Raúl Jiménez,F,76.0,1.0,
15186710,home,1914576,Gilberto Mora,M,24.0,,
15186710,home,757770,Luis Chávez,M,24.0,,
15186710,home,847151,Edson Álvarez,M,14.0,,
15186710,home,1595162,Armando González,F,14.0,,
15186710,home,815637,Alexis Vega,M,11.0,,
15186710,home,840519,Carlos Acevedo,G,,,
15186710,home,15497,Guillermo Ochoa,G,,,
15186710,home,832868,Jorge Sánchez,D,,,
15186710,home,1172773,Luis Romo,D,,,
15186710,home,1638685,Mateo Chávez,D,,,
15186710,home,905257,César Huerta,M,,,
15186710,home,1119345,Obed Vargas,M,,,
15186710,home,850404,Orbelín Pineda,M,,,
15186710,home,795282,Guillermo Martínez,F,,,
15186710,home,892141,Santiago Giménez,F,,,
15186710,away,539792,Ronwen Williams,G,90.0,,
15186710,away,936047,Khuliso Mudau,D,90.0,,
15186710,away,902117,Nkosinathi Sibisi,D,90.0,,
15186710,away,1507710,Ime Okon,D,90.0,,
15186710,away,2058228,Mbekezeli Mbokazi,D,90.0,,
15186710,away,837099,Aubrey Modiba,D,77.0,,
15186710,away,881117,Teboho Mokoena,M,90.0,,
15186710,away,822684,Sphephelo Sithole,M,49.0,,
15186710,away,1049669,Jayden Adams,M,61.0,,
15186710,away,991024,Iqraam Rayners,F,76.0,,
15186710,away,901907,Lyle Foster,F,56.0,,
15186710,away,1014410,Thalente Mbatha,M,34.0,,
15186710,away,559504,Themba Zwane,M,23.0,,
15186710,away,1022170,Evidence Makgopa,F,14.0,,
15186710,away,984505,Oswin Appollis,M,13.0,,
15186710,away,966059,Ricardo Goss,G,,,
15186710,away,903610,Sipho Chaine,G,,,
15186710,away,1085536,Bradley Cross,D,,,
15186710,away,1910804,Khulumani Ndamane,D,,,
15186710,away,1415019,Olwethu Makhanya,D,,,
15186710,away,1518180,Samukelo Kabini,D,,,
15186710,away,1470073,Tholo Thabang Matuludi,D,,,
15186710,away,1101745,Tshepang Moremi,M,,,
15186710,away,1564998,Relebohile Mofokeng,M,,,
15186710,away,1210653,Kamogelo Sebelebele,M,,,
15186710,away,1179164,Thapelo Maseko,M,,,
15186720,home,235686,Kim Seung-gyu,G,90.0,,
15186720,home,1002448,Han-Beom Lee,D,90.0,,
15186720,home,896569,Kim Min-jae,D,90.0,,
15186720,home,1103520,Gi-Hyuk Lee,D,90.0,,
15186720,home,1019333,Young-woo Seol,D,90.0,,
15186720,home,889689,Hwang In-beom,M,84.0,1.0,
15186720,home,881307,Seung Ho Paik,M,84.0,,
15186720,home,1002355,Lee Tae-seok,M,69.0,,
15186720,home,917087,Kang-in Lee,M,90.0,,
15186720,home,537552,Jae-sung Lee,M,62.0,,
15186720,home,111505,Son Heung-min,F,69.0,,
15186720,home,786186,Hwang Hee-chan,F,28.0,,
15186720,home,1002508,Ji-sung Eom,M,21.0,,
15186720,home,1010634,Hyeon-gyu Oh,F,21.0,1.0,
15186720,home,1009476,Jin-gyu Kim,M,13.0,,
15186720,home,1026069,Jin-seob Park,M,13.0,,
15186720,home,825502,Hyeon-woo Jo,G,,,
15186720,home,940057,Song Bum-keun,G,,,
15186720,home,921263,Kim Moon-hwan,D,,,
15186720,home,1154613,Wi-je Cho,D,,,
15186720,home,976203,Kim Tae-hyeon,D,,,
15186720,home,932316,Dong-gyeong Lee,M,,,
15186720,home,1019312,Jens Castrop,M,,,
15186720,home,1185869,Jun-Ho Bae,M,,,
15186720,home,1014281,Gue-sung Cho,F,,,
15186720,home,1103531,Yang Hyun-Jun,F,,,
15186720,away,927366,Matěj Kovář,G,90.0,,
15186720,away,1144329,Štěpán Chaloupek,D,90.0,,
15186720,away,957615,Robin Hranáč,D,90.0,,
15186720,away,856250,Ladislav Krejčí,D,90.0,1.0,
15186720,away,138024,Vladimír Coufal,D,90.0,,
15186720,away,799041,Tomáš Souček,M,90.0,,
15186720,away,1403491,Alexandr Sojka,M,84.0,,
15186720,away,118204,Jaroslav Zelený,D,90.0,,
15186720,away,846122,Lukáš Provod,F,64.0,,
15186720,away,957604,Pavel Šulc,F,64.0,,
15186720,away,280609,Patrik Schick,F,64.0,,
15186720,away,825731,Michal Sadílek,M,26.0,,
15186720,away,963801,Adam Hložek,F,26.0,,
15186720,away,188307,Tomáš Chorý,F,26.0,,
15186720,away,826049,Mojmír Chytil,F,13.0,,
15186720,away,280601,Jindřich Staněk,G,,,
15186720,away,963744,Lukáš Horníček,G,,,
15186720,away,1030711,David Jurásek,D,,,
15186720,away,963084,David Zima,D,,,
15186720,away,151440,Tomáš Holeš,D,,,
15186720,away,891442,David Douděra,M,,,
15186720,away,1088727,Denis Višinský,M,,,
15186720,away,1931626,Hugo Sochurek,M,,,
15186720,away,952114,Lukáš Červ,M,,,
15186720,away,109002,Vladimír Darida,M,,,
15186720,away,824139,Jan Kuchta,F,,,
15186836,home,155736,Maxime Crépeau,G,90.0,,
15186836,home,984419,Alistair Johnston,D,90.0,,
15186836,home,1413129,Luc De Fougerolles,D,90.0,,
15186836,home,801411,Derek Cornelius,D,90.0,,
15186836,home,829207,Richie Laryea,D,90.0,,
15186836,home,973290,Tajon Buchanan,M,61.0,,
15186836,home,1134351,Ismael Koné,M,90.0,,
15186836,home,886223,Stephen Eustaquio,M,89.0,,
15186836,home,902083,Liam Millar,M,61.0,,
15186836,home,935564,Jonathan David,F,61.0,,
15186836,home,1172477,Tani Oluwaseyi,F,76.0,,
15186836,home,1464637,Ali Ahmed,M,29.0,,
15186836,home,1119328,Promise David,F,29.0,,
15186836,home,976313,Jacob Shaffelburg,F,29.0,,
15186836,home,790179,Cyle Larin,F,14.0,1.0,
15186836,home,273031,Jonathan Osorio,M,1.0,,
15186836,home,973286,Dayne St. Clair,G,,,
15186836,home,1087790,Owen Goodman,G,,,
15186836,home,1411145,Niko Sigur,D,,,
15186836,home,845426,Alfie Jones,D,,,
15186836,home,1020472,Joel Waterman,D,,,
15186836,home,1469180,Moise Bombito,D,,,
15186836,home,843665,Alphonso Davies,D,,,
15186836,home,1093229,Nathan-Dylan Saliba,M,,,
15186836,home,937255,Mathieu Choinière,M,,,
15186836,home,1002489,Jayden Nelson,F,,,
15186836,away,325061,Nikola Vasilj,G,90.0,,
15186836,away,1102791,Amar Dedić,D,90.0,,
15186836,away,831488,Nikola Katić,D,90.0,,
15186836,away,1118177,Tarik Muharemović,D,90.0,,
15186836,away,142148,Sead Kolašinac,D,84.0,,
15186836,away,1136110,Esmir Bajraktarević,F,74.0,,
15186836,away,1102659,Benjamin Tahirović,M,90.0,,
15186836,away,1049701,Ivan Bašić,M,62.0,,
15186836,away,1129610,Amar Memić,M,74.0,,
15186836,away,878081,Ermedin Demirović,F,90.0,,
15186836,away,927797,Jovo Lukić,F,62.0,1.0,
15186836,away,988893,Armin Gigović,M,28.0,,
15186836,away,1100965,Samed Baždar,F,28.0,,
15186836,away,283833,Ivan Šunjić,M,16.0,,
15186836,away,1425366,Kerim Alajbegović,M,16.0,,
15186836,away,844447,Dženis Burnić,M,13.0,,
15186836,away,1587186,Mladen Jurkas,G,,,
15186836,away,885719,Martin Zlomislić,G,,,
15186836,away,1500291,Arjan Malić,D,,,
15186836,away,843746,Stjepan Radeljić,D,,,
15186836,away,802830,Dennis Hadžikadunić,D,,,
15186836,away,858004,Nihad Mujakić,D,,,
15186836,away,795421,Amir Hadžiahmetović,M,,,
15186836,away,1149353,Ermin Mahmić,M,,,
15186836,away,14990,Edin Džeko,F,,,
15186836,away,259803,Haris Tabaković,F,,,
15186873,home,973436,Matthew Freese,G,90.0,,
15186873,home,1184541,Alexander Freeman,D,90.0,,
15186873,home,931844,Chris Richards,D,90.0,,
15186873,home,118179,Tim Ream,D,90.0,,
15186873,home,803174,Antonee Robinson,D,90.0,,
15186873,home,800419,Tyler Adams,M,90.0,,
15186873,home,975798,Malik Tillman,M,82.0,,
15186873,home,906021,Sergiño Dest,D,72.0,,
15186873,home,881931,Weston McKennie,M,90.0,,
15186873,home,817957,Christian Pulišić,F,45.0,,
15186873,home,934237,Folarin Balogun,F,72.0,2.0,
15186873,home,1014845,Sebastian Berhalter,M,45.0,,
15186873,home,855810,Timothy Weah,M,18.0,,
15186873,home,986395,Ricardo Pepi,F,18.0,,
15186873,home,989056,Giovanni Reyna,M,8.0,1.0,
15186873,home,833943,Matt Turner,G,,,
15186873,home,1024293,Chris Brady,G,,,
15186873,home,868843,Miles Robinson,D,,,
15186873,home,922759,Mark McKenzie,D,,,
15186873,home,1002920,Joe Scally,D,,,
15186873,home,822459,Auston Trusty,D,,,
15186873,home,1471659,Maximilian Arfsten,M,,,
15186873,home,790171,Cristian Roldán,M,,,
15186873,home,973431,Brenden Aaronson,M,,,
15186873,home,790108,Alex Zendejas,M,,,
15186873,home,818391,Haji Wright,F,,,
15186873,away,991709,Orlando Gill,G,90.0,,
15186873,away,989801,Juan Cáceres,D,79.0,,
15186873,away,220833,Gustavo Gómez,D,90.0,,
15186873,away,805137,Omar Alderete,D,90.0,,
15186873,away,333275,Junior Alonso,D,90.0,,
15186873,away,1065588,Diego Gómez,M,80.0,,
15186873,away,546416,Andrés Cubas,M,90.0,,
15186873,away,1015261,Damián Bobadilla,M,45.0,,
15186873,away,333373,Miguel Almirón,M,79.0,,
15186873,away,333261,Antonio Sanabria,F,62.0,,
15186873,away,973556,Julio Enciso,M,90.0,,
15186873,away,986233,Mauricio,M,45.0,1.0,
15186873,away,1167312,Alex Arce,F,28.0,,
15186873,away,805427,Gustavo Velázquez,D,11.0,,
15186873,away,1015733,Ramón Sosa,F,11.0,,
15186873,away,788936,Alejandro Romero,M,10.0,,
15186873,away,840027,Roberto Fernández,G,,,
15186873,away,339135,Gastón Olveira,G,,,
15186873,away,877452,José Canale,D,,,
15186873,away,339447,Fabián Balbuena,D,,,
15186873,away,1546739,Alexandro Maidana,D,,,
15186873,away,883206,Braian Ojeda,M,,,
15186873,away,988656,Gustavo Caballero,M,,,
15186873,away,1105836,Matías Galarza,M,,,
15186873,away,789453,Gabriel Ávalos,F,,,
15186873,away,979861,Isidro Pitta,F,,,
15186526,home,1012458,Mahmud Abunada,G,90.0,,
15186526,home,1396639,Ayoub Al Oui,D,60.0,,
15186526,home,884189,Pedro Miguel,D,90.0,,
15186526,home,233746,Boualem Khoukhi,D,90.0,,
15186526,home,933433,Homam Al-Amin,D,90.0,,
15186526,home,1014561,Jassem Gaber Abdulsallam,M,60.0,,
15186526,home,796500,Assim Madibo,M,79.0,,
15186526,home,1892282,Issa Laye,D,90.0,,
15186526,home,797734,Edmilson Junior,M,88.0,,
15186526,home,985156,Yusuf Abdurisag,F,60.0,,
15186526,home,794541,Akram Afif,M,90.0,,
15186526,home,911427,Ahmed Fathi,M,30.0,,
15186526,home,303826,Karim Boudiaf,M,30.0,,
15186526,home,229278,Ahmed Alaaeldin,F,30.0,,
15186526,home,1083016,Mohamed Naceur Almanai,M,11.0,,
15186526,home,93953,Hassan Al Haydos,F,10.0,,
15186526,home,891157,Meshaal Barsham,G,,,
15186526,home,985171,Salah Zakaria,G,,,
15186526,home,243199,Lucas Mendes,D,,,
15186526,home,796497,Sultan Al-Brake,D,,,
15186526,home,1148402,Al-Hashmi Al-Hussain,D,,,
15186526,home,897882,Abdelaziz Hatem,M,,,
15186526,home,936542,Ahmed Al-Ganehi,M,,,
15186526,home,796501,Almoez Ali,M,,,
15186526,home,326185,Mohammed Muntari,F,,,
15186526,home,1501518,Tahsin Mohammed Jamshid,F,,,
15186526,away,556866,Gregor Kobel,G,90.0,,
15186526,away,770677,Denis Zakaria,M,90.0,,
15186526,away,282229,Nico Elvedi,D,90.0,,
15186526,away,383560,Manuel Akanji,D,90.0,,
15186526,away,67769,Ricardo Rodríguez,D,89.0,,
15186526,away,850891,Michel Aebischer,M,65.0,,
15186526,away,117777,Granit Xhaka,M,90.0,,
15186526,away,115516,Remo Freuler,M,89.0,,
15186526,away,944327,Dan Ndoye,M,65.0,,
15186526,away,352296,Breel Embolo,F,90.0,1.0,
15186526,away,872919,Rubén Vargas,M,79.0,,
15186526,away,929620,Fabian Rieder,M,25.0,,
15186526,away,1518931,Johan Manzambi,M,25.0,,
15186526,away,990550,Zeki Amdouni,F,11.0,,
15186526,away,798303,Miro Muheim,M,9.0,,
15186526,away,1034082,Ardon Jashari,M,9.0,,
15186526,away,149656,Yvon Mvogo,G,,,
15186526,away,1005744,Marvin Keller,G,,,
15186526,away,1127823,Luca Jaquez,D,,,
15186526,away,814023,Eray Cömert,D,,,
15186526,away,999276,Aurèle Amenda,D,,,
15186526,away,799054,Djibril Sow,M,,,
15186526,away,157377,Silvan Widmer,M,,,
15186526,away,787422,Christian Fassnacht,M,,,
15186526,away,352290,Cédric Itten,F,,,
15186526,away,865523,Noah Okafor,F,,,
15186850,home,243609,Alisson,G,90.0,,
15186850,home,888949,Roger Ibañez,D,45.0,,
15186850,home,155995,Marquinhos,D,90.0,,
15186850,home,869792,Gabriel Magalhães,D,90.0,,
15186850,home,243583,Douglas Santos,D,90.0,,
15186850,home,122951,Casemiro,M,45.0,,
15186850,home,866469,Bruno Guimarães,M,80.0,,
15186850,home,839981,Lucas Paquetá,M,61.0,,
15186850,home,831005,Raphinha,M,90.0,,
15186850,home,868812,Vinícius Júnior,F,90.0,1.0,
15186850,home,1016907,Igor Thiago,F,62.0,,
15186850,home,124992,Danilo,D,45.0,,
15186850,home,243585,Fabinho,M,45.0,,
15186850,home,886363,Matheus Cunha,F,29.0,,
15186850,home,1035995,Luiz Henrique,M,28.0,,
15186850,home,1064039,Danilo Santos,M,10.0,,
15186850,home,254491,Ederson,G,,,
15186850,home,243529,Weverton,G,,,
15186850,home,84854,Alex Sandro,D,,,
15186850,home,885197,Bremer,D,,,
15186850,home,358548,Léo Pereira,D,,,
15186850,home,1464966,Rayan,M,,,
15186850,home,946888,Éderson,M,,,
15186850,home,1174937,Endrick,F,,,
15186850,home,922573,Gabriel Martinelli,F,,,
15186850,away,360938,Yassine Bounou,G,90.0,,
15186850,away,814594,Achraf Hakimi,D,90.0,,
15186850,away,825719,Issa Diop,D,90.0,,
15186850,away,1064218,Chadi Riad,D,90.0,,
15186850,away,847030,Noussair Mazraoui,D,80.0,,
15186850,away,1128530,Neil El Aynaoui,M,90.0,,
15186850,away,1564180,Ayyoub Bouaddi,M,90.0,,
15186850,away,835485,Brahim Díaz,M,65.0,,
15186850,away,991421,Azzedine Ounahi,M,65.0,,
15186850,away,1126569,Bilal El Khannouss,M,80.0,,
15186850,away,1063767,Ismael Saibari,M,89.0,1.0,
15186850,away,1142675,Chemsdine Talbi,M,25.0,,
15186850,away,1605921,Samir El Mourabet,M,25.0,,
15186850,away,961684,Anass Salah-Eddine,D,10.0,,
15186850,away,1898148,Ayoube Amaimouni Echghouyab,F,10.0,,
15186850,away,953995,Soufiane Rahimi,F,12.0,,
15186850,away,141967,Munir El Kajoui,G,,,
15186850,away,359280,Ahmed Reda Tagnaouti,G,,,
15186850,away,847714,Marwane Saadane,D,,,
15186850,away,1143667,Redouane Halhal,D,,,
15186850,away,1134470,Zakaria El Ouahdi,D,,,
15186850,away,919484,Youssef Belammari,D,,,
15186850,away,1392829,Amine Sbai,M,,,
15186850,away,1638338,Gessime Yassine,M,,,
15186850,away,359272,Sofyan Amrabat,M,,,
15186850,away,919793,Ayoub El Kaabi,F,,,
15186853,home,37224,Johny Placide,G,90.0,,
15186853,home,794373,Carlens Arcus,D,90.0,,
15186853,home,839638,Ricardo Adé,D,90.0,,
15186853,home,826169,Hannes Delcroix,D,90.0,,
15186853,home,1110369,Martin Expérience,D,90.0,,
15186853,home,991451,Louicius Don Deedson,F,61.0,,
15186853,home,1173167,Danley Jean Jacques,M,90.0,,
15186853,home,845273,Jean-Ricner Bellegarde,M,90.0,,
15186853,home,954066,Ruben Providence,M,85.0,,
15186853,home,943278,Frantzdy Pierrot,F,90.0,,
15186853,home,877980,Wilson Isidor,F,76.0,,
15186853,home,1035986,Josué Casimir,M,29.0,,
15186853,home,1010126,Lenny Joseph,F,14.0,,
15186853,home,826211,Yassin Fortune,F,13.0,,
15186853,home,1091596,Alexandre Pierre,G,,,
15186853,home,936558,Josué Duverger,G,,,
15186853,home,1544387,Keeto Thermoncy,D,,,
15186853,home,884301,Duke Lacroix,D,,,
15186853,home,1126368,Garven-Michee Metusala,D,,,
15186853,home,845930,Jean-Kévin Duverne,D,,,
15186853,home,1404526,Wilguens Paugain,D,,,
15186853,home,1002387,Carl Fred Sainté,M,,,
15186853,home,1187376,Dominique Simon,M,,,
15186853,home,1384367,Woodensky Pierre,M,,,
15186853,home,828012,Derrick Etienne,F,,,
15186853,home,796023,Duckens Nazon,F,,,
15186853,away,227946,Angus Gunn,G,90.0,,
15186853,away,966869,Aaron Hickey,D,75.0,,
15186853,away,95791,Grant Hanley,D,90.0,,
15186853,away,795696,Jack Hendry,D,90.0,,
15186853,away,262911,Andy Robertson,D,90.0,,
15186853,away,1154861,Ben Gannon-Doak,M,75.0,,
15186853,away,879346,Scott McTominay,M,90.0,,
15186853,away,907152,Lewis Ferguson,M,90.0,,
15186853,away,250223,John McGinn,M,83.0,1.0,
15186853,away,237098,Lawrence Shankland,F,83.0,,
15186853,away,773409,Che Adams,F,75.0,,
15186853,away,1020141,Nathan Patterson,D,15.0,,
15186853,away,322391,Ryan Christie,M,15.0,,
15186853,away,846204,Lyndon Dykes,F,15.0,,
15186853,away,75756,Kenny McLean,M,15.0,,
15186853,away,1489210,Findlay Curtis,M,15.0,,
15186853,away,287555,Liam Kelly,G,,,
15186853,away,9370,Craig Gordon,G,,,
15186853,away,366592,Kieran Tierney,D,,,
15186853,away,287563,John Souttar,D,,,
15186853,away,802719,Dominic Hyam,D,,,
15186853,away,840227,Tony Ralston,D,,,
15186853,away,358108,Scott McKenna,D,,,
15186853,away,1402850,Tyler Fletcher,M,,,
15186853,away,886117,Ross Stewart,F,,,
15186853,away,839712,George Hirst,F,,,
15186874,home,1177240,Patrick Beach,G,90.0,,
15186874,home,907217,Jacob Italiano,M,74.0,,
15186874,home,1155423,Alessandro Circati,D,90.0,,
15186874,home,808680,Harry Souttar,D,90.0,,
15186874,home,358084,Cameron Burgess,D,90.0,,
15186874,home,1144138,Jordan Bos,D,84.0,,
15186874,home,888854,Connor Metcalfe,M,90.0,1.0,
15186874,home,847938,Aiden O'Neill,M,90.0,,
15186874,home,1411105,Paul Okon-Engstler,M,84.0,,
15186874,home,1144687,Nestory Irankunda,F,61.0,1.0,
15186874,home,1019061,Mohamed Touré,F,74.0,,
15186874,home,1118467,Nishan Velupillay,M,29.0,,
15186874,home,303258,Jason Geria,D,16.0,,
15186874,home,1096517,Tete Yengi,F,16.0,,
15186874,home,576220,Aziz Behich,D,13.0,,
15186874,home,181581,Jackson Irvine,M,13.0,,
15186874,home,134029,Mathew Ryan,G,,,
15186874,home,155925,Paul Izzo,G,,,
15186874,home,155961,Miloš Degenek,D,,,
15186874,home,1646783,Lucas Herrington,D,,,
15186874,home,991364,Kai Trewin,M,,,
15186874,home,944054,Cameron Devlin,M,,,
15186874,home,122570,Mathew Leckie,M,,,
15186874,home,788284,Ajdin Hrustić,M,,,
15186874,home,307082,Awer Mabil,M,,,
15186874,home,1155625,Cristian Volpato,M,,,
15186874,away,754330,Uğurcan Çakır,G,90.0,,
15186874,away,893008,Zeki Çelik,D,81.0,,
15186874,away,806968,Merih Demiral,D,90.0,,
15186874,away,178963,Abdülkerim Bardakcı,D,90.0,,
15186874,away,825844,Ferdi Kadıoğlu,D,90.0,,
15186874,away,952600,İsmail Yüksek,M,81.0,,
15186874,away,135700,Hakan Çalhanoğlu,M,90.0,,
15186874,away,1091116,Arda Güler,M,90.0,,
15186874,away,907461,Orkun Kökçü,M,62.0,,
15186874,away,904096,Barış Alper Yılmaz,M,45.0,,
15186874,away,903324,Kerem Aktürkoğlu,F,85.0,,
15186874,away,1149011,Kenan Yıldız,F,45.0,,
15186874,away,857738,Yunus Akgün,M,28.0,,
15186874,away,836683,Mert Müldür,D,9.0,,
15186874,away,795005,Salih Özcan,M,9.0,,
15186874,away,1407720,Deniz Gül,F,12.0,,
15186874,away,39573,Mert Günok,G,,,
15186874,away,815890,Altay Bayındır,G,,,
15186874,away,758608,Çağlar Söyüncü,D,,,
15186874,away,981483,Eren Elmalı,D,,,
15186874,away,857740,Ozan Kabak,D,,,
15186874,away,863600,Samet Akaydın,D,,,
15186874,away,138152,Kaan Ayhan,D,,,
15186874,away,226986,İrfan Can Kahveci,M,,,
15186874,away,999396,Oğuz Aydın,M,,,
15186874,away,1440948,Can Uzun,M,,,
15186899,home,8959,Manuel Neuer,G,90.0,,
15186899,home,259117,Joshua Kimmich,M,83.0,,
15186899,home,227672,Jonathan Tah,D,73.0,,
15186899,home,940871,Nico Schlotterbeck,D,90.0,1.0,
15186899,home,1159759,Nathaniel Brown,D,73.0,1.0,
15186899,home,907463,Felix Nmecha,M,73.0,1.0,
15186899,home,1142251,Aleksandar Pavlović,M,90.0,,
15186899,home,293519,Leroy Sané,M,90.0,,
15186899,home,1010231,Jamal Musiala,M,64.0,1.0,
15186899,home,1019322,Florian Wirtz,M,90.0,,
15186899,home,836705,Kai Havertz,F,90.0,2.0,
15186899,home,794298,Deniz Undav,F,26.0,1.0,
15186899,home,856076,David Raum,D,17.0,,
15186899,home,142622,Antonio Rüdiger,D,17.0,,
15186899,home,184661,Leon Goretzka,M,17.0,,
15186899,home,799046,Waldemar Anton,D,13.0,,
15186899,home,584722,Alexander Nübel,G,,,
15186899,home,40244,Oliver Baumann,G,,,
15186899,home,1014286,Malick Thiaw,D,,,
15186899,home,990201,Jamie Leweling,M,,,
15186899,home,1418623,Assan Ouédraogo,M,,,
15186899,home,327755,Nadiem Amiri,M,,,
15186899,home,901882,Angelo Stiller,M,,,
15186899,home,48480,Pascal Groß,M,,,
15186899,home,980623,Nick Woltemade,F,,,
15186899,home,980628,Maximilian Beier,F,,,
15186899,away,40859,Eloy Room,G,90.0,,
15186899,away,803021,Sherel Constancio Floranus,D,90.0,,
15186899,away,227196,Riechedly Bazoer,D,90.0,,
15186899,away,825838,Armando Obispo,D,90.0,,
15186899,away,1177177,Deveron Fonville,D,90.0,,
15186899,away,1136642,Livano Comenencia,D,90.0,1.0,
15186899,away,74545,Leandro Bacuna,M,90.0,,
15186899,away,788971,Juninho Bacuna,M,90.0,,
15186899,away,825845,Tahith Chong,M,83.0,,
15186899,away,97409,Jürgen Locadia,F,65.0,,
15186899,away,1199057,Sontje Hansen,F,45.0,,
15186899,away,1092638,Jeremy Antonisse,M,45.0,,
15186899,away,1036004,Jearl Margaritha,M,25.0,,
15186899,away,798178,Gervane Kastaneer,F,13.0,,
15186899,away,895013,Trevor Iriving Doornbusch,G,,,
15186899,away,1049270,Tyrick Bodak,G,,,
15186899,away,884944,Jurien Gaari,D,,,
15186899,away,296438,Joshua Brenet,D,,,
15186899,away,916926,Shurandy Sambo,D,,,
15186899,away,925930,Roshon van Eijma,D,,,
15186899,away,1004277,Ar'Jany Martha,D,,,
15186899,away,796142,Kenji Gorré,M,,,
15186899,away,896215,Kevin Felida,M,,,
15186899,away,1469336,Tyrese Noslin,M,,,
15186899,away,825849,Godfried Roemeratoe,M,,,
15186899,away,252885,Brandley Kuwas,F,,,
15186945,home,994363,Bart Verbruggen,G,90.0,,
15186945,home,759520,Denzel Dumfries,M,90.0,,
15186945,home,962012,Jan Paul van Hecke,D,90.0,,
15186945,home,151545,Virgil van Dijk,D,90.0,1.0,
15186945,home,998247,Micky van de Ven,D,90.0,,
15186945,home,904897,Ryan Gravenberch,M,81.0,,
15186945,home,795222,Frenkie de Jong,M,90.0,,
15186945,home,893549,Tijjani Reijnders,M,70.0,,
15186945,home,917005,Crysencio Summerville,M,70.0,1.0,
15186945,home,803039,Donyell Malen,F,70.0,,
15186945,home,862967,Cody Gakpo,M,85.0,,
15186945,home,959805,Quinten Timber,M,20.0,,
15186945,home,803033,Teun Koopmeiners,M,20.0,,
15186945,home,138833,Memphis Depay,F,20.0,,
15186945,home,149663,Nathan Aké,D,9.0,,
15186945,home,910048,Brian Brobbey,F,12.0,,
15186945,home,171919,Mark Flekken,G,,,
15186945,home,1012928,Robin Roefs,G,,,
15186945,home,1153079,Jorrel Hato,D,,,
15186945,home,856739,Lutsharel Geertruida,D,,,
15186945,home,959628,Mats Wieffer,D,,,
15186945,home,845798,Guus Til,M,,,
15186945,home,100389,Marten de Roon,M,,,
15186945,home,851596,Justin Kluivert,M,,,
15186945,home,252215,Wout Weghorst,F,,,
15186945,home,875136,Noa Lang,F,,,
15186945,away,905351,Zion Suzuki,G,90.0,,
15186945,away,942213,Tsuyoshi Watanabe,D,75.0,,
15186945,away,386958,Shogo Taniguchi,D,90.0,,
15186945,away,873106,Hiroki Itō,D,90.0,,
15186945,away,790965,Ritsu Doan,M,75.0,,
15186945,away,1028307,Kaishu Sano,M,90.0,,
15186945,away,794338,Daichi Kamada,M,90.0,1.0,
15186945,away,905352,Keito Nakamura,M,90.0,1.0,
15186945,away,880218,Takefusa Kubo,M,75.0,,
15186945,away,832420,Daizen Maeda,F,66.0,,
15186945,away,985823,Ayase Ueda,F,84.0,,
15186945,away,783278,Junya Ito,M,24.0,,
15186945,away,905347,Yukinari Sugawara,D,15.0,,
15186945,away,804434,Takehiro Tomiyasu,D,15.0,,
15186945,away,831860,Koki Ogawa,F,15.0,,
15186945,away,1499696,Kento Shiogai,F,13.0,,
15186945,away,831923,Keisuke Osako,G,,,
15186945,away,1100230,Tomoki Hayakawa,G,,,
15186945,away,873221,Ayumu Seko,D,,,
15186945,away,790989,Ko Itakura,D,,,
15186945,away,1171902,Junnosuke Suzuki,D,,,
15186945,away,34639,Yuto Nagatomo,D,,,
15186945,away,871886,Ao Tanaka,M,,,
15186945,away,1020422,Yuito Suzuki,M,,,
15186945,away,1391315,Keisuke Goto,F,,,
15186945,away,925910,Shuto Machino,F,,,
15186904,home,877977,Yahia Fofana,G,90.0,,
15186904,home,1002033,Guéla Doué,D,89.0,,
15186904,home,978285,Wilfried Singo,D,90.0,,
15186904,home,1013842,Emmanuel Agbadou,D,90.0,,
15186904,home,831781,Ghislain Konan,D,90.0,,
15186904,home,2087085,Yan Diomande,F,90.0,,
15186904,home,359226,Franck Kessié,M,90.0,,
15186904,home,191188,Seko Fofana,M,77.0,,
15186904,home,1568123,Bazoumana Touré,M,56.0,,
15186904,home,593526,Nicolas Pépé,F,77.0,,
15186904,home,979315,Elye Wahi,F,56.0,,
15186904,home,971037,Amad Diallo,M,34.0,1.0,
15186904,home,1086223,Ange-Yoan Bonny,F,34.0,,
15186904,home,843754,Ibrahim Sangaré,M,13.0,,
15186904,home,1888002,Christ Inao Oulaï,M,13.0,,
15186904,home,973437,Odilon Kossounou,D,10.0,,
15186904,home,1131009,Mohamed Koné,G,,,
15186904,home,826201,Alban Lafont,G,,,
15186904,home,858977,Christopher Operi,D,,,
15186904,home,1394342,Ousmane Diomande,D,,,
15186904,home,848287,Evan Ndicka,D,,,
15186904,home,1030459,Parfait Guiagon,M,,,
15186904,home,1110842,Simon Adingra,M,,,
15186904,home,305282,Jean Michaël Seri,M,,,
15186904,home,930245,Evann Guessand,F,,,
15186904,home,1188191,Oumar Diakité,F,,,
15186904,away,588618,Hernán Galíndez,G,90.0,,
15186904,away,822729,Alan Franco,M,62.0,,
15186904,away,1187275,Joel Ordóñez,D,90.0,,
15186904,away,979480,Willian Pacho,D,90.0,,
15186904,away,1002837,Piero Hincapié,D,90.0,,
15186904,away,879802,John Yeboah,F,62.0,,
15186904,away,987650,Moisés Caicedo,M,90.0,,
15186904,away,1002524,Pedro Vite,M,90.0,,
15186904,away,1122552,Alan Minda,F,56.0,,
15186904,away,937937,Gonzalo Plata,M,90.0,,
15186904,away,106456,Enner Valencia,F,77.0,,
15186904,away,1116571,Nilson Angulo,M,34.0,,
15186904,away,978518,Jackson Porozo,D,28.0,,
15186904,away,881844,Ángelo Preciado,M,28.0,,
15186904,away,1431770,Kevin Rodriguez,F,13.0,,
15186904,away,925484,Gonzalo Valle,G,,,
15186904,away,923237,Moisés Ramírez,G,,,
15186904,away,1106546,Yaimar Medina,D,,,
15186904,away,881848,Félix Torres,D,,,
15186904,away,1464025,Kendry Páez,M,,,
15186904,away,805465,Pervis Estupiñán,M,,,
15186904,away,925740,Jordy Alcivar,M,,,
15186904,away,1145126,Denil Castillo,M,,,
15186904,away,804770,Jordy Caicedo,F,,,
15186904,away,1020197,Anthony Valencia,F,,,
15186904,away,1464642,Jeremy Arevalo,F,,,
15186951,home,22596,Kristoffer Nordfeldt,G,90.0,,
15186951,home,965263,Gustaf Lagerbielke,D,90.0,,
15186951,home,1157713,Isak Hien,D,90.0,,
15186951,home,143334,Victor Lindelöf,D,90.0,,
15186951,home,227894,Jesper Karlström,M,84.0,,
15186951,home,980916,Alexander Bernhardsson,M,89.0,,
15186951,home,918517,Benjamin Nygren,F,65.0,,
15186951,home,1036269,Yasin Ayari,M,90.0,2.0,
15186951,home,834308,Gabriel Gudmundsson,D,65.0,,
15186951,home,804508,Viktor Gyökeres,F,90.0,1.0,
15186951,home,823941,Alexander Isak,F,89.0,1.0,
15186951,home,1383695,Elliot Stroud,M,25.0,,
15186951,home,1391251,Lucas Bergvall,M,25.0,,
15186951,home,796987,Mattias Svanberg,M,13.0,1.0,
15186951,home,1021272,Daniel Svensson,M,1.0,,
15186951,home,979232,Anthony Elanga,F,1.0,,
15186951,home,978728,Jacob Widell Zetterström,G,,,
15186951,home,561430,Viktor Johansson,G,,,
15186951,home,875360,Hjalmar Ekdal,D,,,
15186951,home,542038,Eric Smith,D,,,
15186951,home,360718,Carl Starfelt,D,,,
15186951,home,1099794,Herman Johansson,M,,,
15186951,home,319847,Ken Sema,M,,,
15186951,home,1173223,Besfort Zeneli,M,,,
15186951,home,1022820,Taha Abdi Ali,M,,,
15186951,home,572286,Gustaf Nilsson,F,,,
15186951,away,2018130,Abdelmouhib Chamakh,G,90.0,,
15186951,away,826202,Yan Valery,D,72.0,,
15186951,away,976251,Omar Rekik,D,90.0,1.0,
15186951,away,879618,Montassar Talbi,D,90.0,,
15186951,away,1000809,Amine Ben Hmida,D,90.0,,
15186951,away,919027,Ali Abdi,D,90.0,,
15186951,away,149479,Rani Khedira,M,83.0,,
15186951,away,591706,Ellyes Skhiri,M,72.0,,
15186951,away,1009386,Hannibal Mejbri,M,90.0,,
15186951,away,1130946,Elias Saad,F,72.0,,
15186951,away,1006147,Anis Ben Slimane,M,84.0,,
15186951,away,1008597,Mohamed Belhadj Mahmoud,M,18.0,,
15186951,away,957143,Sebastian Tounekti,M,18.0,,
15186951,away,945204,Elias Achouri,M,18.0,,
15186951,away,1113488,Ismael Gharbi,M,14.0,,
15186951,away,919198,Firas Chaouat,F,13.0,,
15186951,away,1198374,Aymen Dahmen,G,,,
15186951,away,359312,Sabri Ben Hessen,G,,,
15186951,away,2018238,Adem Arous,D,,,
15186951,away,845271,Dylan Bronn,D,,,
15186951,away,1391526,Moutaz Neffati,D,,,
15186951,away,2018330,Raed Chikhaoui,D,,,
15186951,away,919225,Mortadha Ben Ouanes,M,,,
15186951,away,1606568,Khalil Ayari,M,,,
15186951,away,1872950,Rayan Elloumi,F,,,
15186951,away,1991585,Hazem Mastouri,F,,,
15186783,home,797291,Unai Simón,G,90.0,,
15186783,home,353138,Marcos Llorente,D,90.0,,
15186783,home,1402913,Pau Cubarsí,D,90.0,,
15186783,home,149734,Aymeric Laporte,D,90.0,,
15186783,home,794939,Marc Cucurella,D,90.0,,
15186783,home,784655,Fabián Ruiz,M,71.0,,
15186783,home,827606,Rodri,M,87.0,,
15186783,home,992587,Pedri,M,90.0,,
15186783,home,855833,Ferran Torres,F,81.0,,
15186783,home,823622,Mikel Oyarzabal,F,90.0,,
15186783,home,1103693,Gavi,M,71.0,,
15186783,home,592010,Mikel Merino,M,19.0,,
15186783,home,1402912,Lamine Yamal,M,19.0,,
15186783,home,789071,Dani Olmo,M,9.0,,
15186783,home,1085400,Nico Williams,M,9.0,,
15186783,home,581310,David Raya,G,,,
15186783,home,930267,Joan García,G,,,
15186783,home,1094106,Marc Pubill,D,,,
15186783,home,876214,Eric García,D,,,
15186783,home,913654,Pedro Porro,D,,,
15186783,home,177177,Alejandro Grimaldo,M,,,
15186783,home,910031,Alex Baena,M,,,
15186783,home,966837,Martín Zubimendi,M,,,
15186783,home,984624,Yéremy Pino,F,,,
15186783,home,1145642,Víctor Muñoz,F,,,
15186783,home,785989,Borja Iglesias,F,,,
15186783,away,307436,Vozinha,G,90.0,,
15186783,away,287833,Steven Moreira,D,90.0,,
15186783,away,147138,Pico,D,90.0,,
15186783,away,784677,Diney Borges,D,90.0,,
15186783,away,1117723,Sidny Lopes Cabral,D,76.0,,
15186783,away,906838,Kevin Pina,M,90.0,,
15186783,away,52797,Ryan Mendes,M,90.0,,
15186783,away,798177,Laros Duarte,M,61.0,,
15186783,away,815080,Jamiro Monteiro,M,79.0,,
15186783,away,845802,Jovane Cabral,F,61.0,,
15186783,away,1155358,Dailon Rocha Livramento,F,61.0,,
15186783,away,921089,Deroy Duarte,M,29.0,,
15186783,away,889052,Willy Semedo,M,29.0,,
15186783,away,209374,Nuno Da Costa,F,29.0,,
15186783,away,1001675,João Paulo,M,14.0,,
15186783,away,1035280,Telmo Arcanjo,M,11.0,,
15186783,away,892133,Márcio Rosa,G,,,
15186783,away,906020,CJ Dos Santos,G,,,
15186783,away,59609,Stopira,D,,,
15186783,away,911853,Logan Costa,D,,,
15186783,away,1513625,Wagner Pina,D,,,
15186783,away,1048591,Kelvin Pires,D,,,
15186783,away,787429,Garry Rodrigues,M,,,
15186783,away,818064,Yannick Semedo,M,,,
15186783,away,1094395,Hélio Varela,M,,,
15186783,away,1111215,Gilson Tavares,F,,,
15186837,home,70988,Thibaut Courtois,G,90.0,,
15186837,home,128587,Thomas Meunier,D,90.0,,
15186837,home,1119487,Nathan Ngoy,D,90.0,,
15186837,home,248331,Brandon Mechele,D,90.0,,
15186837,home,329417,Timothy Castagne,D,56.0,,
15186837,home,923973,Amadou Onana,M,56.0,,
15186837,home,331737,Youri Tielemans,M,90.0,,
15186837,home,135666,Leandro Trossard,F,90.0,,
15186837,home,70996,Kevin De Bruyne,M,86.0,,
15186837,home,934386,Jérémy Doku,M,86.0,,
15186837,home,960441,Charles De Ketelaere,F,66.0,,
15186837,home,997152,Maxim De Cuyper,D,34.0,,
15186837,home,889378,Nicolas Raskin,M,34.0,,
15186837,home,78893,Romelu Lukaku,F,24.0,,
15186837,home,118085,Hans Vanaken,M,10.0,,
15186837,home,1149144,Matías Fernández-Pardo,F,10.0,,
15186837,home,964753,Senne Lammens,G,,,
15186837,home,1149148,Mike Penders,G,,,
15186837,home,965778,Arthur Theate,D,,,
15186837,home,1395881,Joaquin Seys,D,,,
15186837,home,1001828,Koni De Winter,D,,,
15186837,home,901891,Alexis Saelemaekers,M,,,
15186837,home,35612,Axel Witsel,M,,,
15186837,home,1142233,Diego Moreira,M,,,
15186837,home,823631,Dodi Lukebakio,M,,,
15186837,away,1048378,Mostafa Shobeir,G,90.0,,
15186837,away,826545,Mohamed Hany,D,90.0,,
15186837,away,333441,Yasser Ibrahim,D,90.0,,
15186837,away,918913,Hamdy Fathy,M,88.0,,
15186837,away,880622,Ahmed Fatouh,D,88.0,,
15186837,away,1013699,Marwan Attia,M,90.0,,
15186837,away,918506,Mohanad Lasheen,M,90.0,,
15186837,away,1418782,Mostafa Ziko,M,76.0,,
15186837,away,159665,Mohamed Salah,M,76.0,,
15186837,away,967032,Emam Ashour,M,71.0,1.0,
15186837,away,873554,Omar Marmoush,F,90.0,,
15186837,away,295339,Rami Rabia,D,19.0,,
15186837,away,547494,Zizo,M,14.0,,
15186837,away,1961596,Hamza Abdelkarim,F,14.0,,
15186837,away,577736,Karim Hafez,D,2.0,,
15186837,away,1008171,Ibrahim Adel,M,2.0,,
15186837,away,918547,Mahdi Soliman,G,,,
15186837,away,1980828,Mohamed Alaa,G,,,
15186837,away,871735,Mohamed El-Shenawy,G,,,
15186837,away,1063327,Hossam Abdelmaguid,D,,,
15186837,away,926506,Mohamed Abdelmonem,D,,,
15186837,away,1480544,Tarek Alaa,D,,,
15186837,away,942836,Haissem Hassan,M,,,
15186837,away,295361,Mahmoud Trézéguet,M,,,
15186837,away,1101624,Mahmoud Saber,M,,,
15186837,away,918505,Nabil Donga,M,,,
